unit,chapter_num,chapter_slug,chapter_title_en,subtopic_slug,subtopic_en,subtopic_te,chapter_classification,primary_sections,secondary_sections,review_flags,reviewer_note,decision
1,1,u1-c01-region-people-sources,"Andhra Region, People and Historical Sources",u1-c01-geography-extent,Geographical extent and historical meaning of Andhradesa,ఆంధ్రదేశ భౌగోళిక విస్తీర్ణం మరియు చారిత్రక అర్థం,bridge,0,0,no_source,No note section maps as primary.,needs_decision
1,1,u1-c01-region-people-sources,"Andhra Region, People and Historical Sources",u1-c01-people-name-origin,Andhra people and origin of the name,ఆంధ్రులు మరియు పేరు పుట్టుక,bridge,3,1,,,proposed
1,1,u1-c01-region-people-sources,"Andhra Region, People and Historical Sources",u1-c01-telugu-identity-language,Development of Telugu identity and language,తెలుగు గుర్తింపు మరియు భాష వికాసం,bridge,1,2,,,proposed
1,1,u1-c01-region-people-sources,"Andhra Region, People and Historical Sources",u1-c01-literary-sources,Literary sources,సాహిత్య ఆధారాలు,bridge,1,1,,,proposed
1,1,u1-c01-region-people-sources,"Andhra Region, People and Historical Sources",u1-c01-inscriptions,Inscriptions,శాసనాలు,bridge,1,2,overlap,Same pattern: `inscriptions` repeats in chapters 4-7 and 8 (as a gap).,needs_decision
1,1,u1-c01-region-people-sources,"Andhra Region, People and Historical Sources",u1-c01-coins,Coins,నాణేలు,bridge,1,0,overlap,"Overlaps ch3 `punch-marked-local-coinage`, ch4 `coinage`, ch7 `coins`; chapter-level coin subtopics repeat per dynasty.",needs_decision
1,1,u1-c01-region-people-sources,"Andhra Region, People and Historical Sources",u1-c01-archaeological-evidence,Archaeological evidence,పురావస్తు ఆధారాలు,bridge,3,1,,,proposed
1,1,u1-c01-region-people-sources,"Andhra Region, People and Historical Sources",u1-c01-foreign-accounts,Foreign accounts,విదేశీయుల రచనలు,bridge,1,1,,,proposed
1,1,u1-c01-region-people-sources,"Andhra Region, People and Historical Sources",u1-c01-important-sites,Important historical sites,ముఖ్య చారిత్రక స్థలాలు,bridge,1,8,overlap,Used as a secondary for 8 sections: a candidate for a tag rather than a subtopic.,needs_decision
1,2,u1-c02-prehistoric-cultures,Prehistoric Cultures of Andhra,u1-c02-palaeolithic,Palaeolithic,పురా శిలాయుగం,direct,3,1,telugu_review,,needs_decision
1,2,u1-c02-prehistoric-cultures,Prehistoric Cultures of Andhra,u1-c02-mesolithic,Mesolithic,మధ్య శిలాయుగం,direct,1,0,,,proposed
1,2,u1-c02-prehistoric-cultures,Prehistoric Cultures of Andhra,u1-c02-neolithic,Neolithic,నవీన శిలాయుగం,direct,1,0,,,proposed
1,2,u1-c02-prehistoric-cultures,Prehistoric Cultures of Andhra,u1-c02-chalcolithic,Chalcolithic,తామ్ర శిలాయుగం,direct,0,0,no_source;telugu_review,No note section; the topic is a standard exam item.,needs_decision
1,2,u1-c02-prehistoric-cultures,Prehistoric Cultures of Andhra,u1-c02-megalithic-iron-age,Megalithic and Iron Age cultures,మహాశిలా (మెగాలిథిక్) మరియు ఇనుప యుగ సంస్కృతులు,direct,1,0,telugu_review,,needs_decision
1,2,u1-c02-prehistoric-cultures,Prehistoric Cultures of Andhra,u1-c02-tools-technology,Tools and technologies,పనిముట్లు మరియు సాంకేతికత,direct,1,1,,,proposed
1,2,u1-c02-prehistoric-cultures,Prehistoric Cultures of Andhra,u1-c02-pottery,Pottery,మట్టి పాత్రలు,direct,0,0,overlap;no_source,Overlaps `tools-technology` and `burial-practices` (megalithic pottery).,needs_decision
1,2,u1-c02-prehistoric-cultures,Prehistoric Cultures of Andhra,u1-c02-burial-practices,Burial practices,ఖననాచారాలు,direct,0,1,,,proposed
1,2,u1-c02-prehistoric-cultures,Prehistoric Cultures of Andhra,u1-c02-important-sites,Important prehistoric sites in Andhra,ఆంధ్రలోని ముఖ్య చరిత్రపూర్వ స్థలాలు,direct,1,1,,,proposed
1,3,u1-c03-pre-satavahana-andhra,Pre-Satavahana Andhra,u1-c03-assaka-asmaka,Assaka / Asmaka,అస్సక / అశ్మక,bridge,2,0,,,proposed
1,3,u1-c03-pre-satavahana-andhra,Pre-Satavahana Andhra,u1-c03-early-andhra-references,Early Andhra references,ఆంధ్రుల తొలి ప్రస్తావనలు,bridge,2,1,,,proposed
1,3,u1-c03-pre-satavahana-andhra,Pre-Satavahana Andhra,u1-c03-nandas-mauryas,Nandas and Mauryas,నందులు మరియు మౌర్యులు,bridge,1,1,,,proposed
1,3,u1-c03-pre-satavahana-andhra,Pre-Satavahana Andhra,u1-c03-ashoka-inscriptions,Ashoka's Andhra inscriptions,ఆంధ్రలో అశోకుని శాసనాలు,bridge,0,1,overlap,See `erragudi-rajulamandagiri`.,needs_decision
1,3,u1-c03-pre-satavahana-andhra,Pre-Satavahana Andhra,u1-c03-erragudi-rajulamandagiri,Erragudi and Rajulamandagiri,ఎర్రగుడి మరియు రాజులమందగిరి,bridge,0,1,narrow,Two sites; overlaps `ashoka-inscriptions`.,needs_decision
1,3,u1-c03-pre-satavahana-andhra,Pre-Satavahana Andhra,u1-c03-bhattiprolu,Bhattiprolu,భట్టిప్రోలు,bridge,1,0,,,proposed
1,3,u1-c03-pre-satavahana-andhra,Pre-Satavahana Andhra,u1-c03-early-buddhism,Early Buddhism,తొలి బౌద్ధమతం,bridge,1,0,,,proposed
1,3,u1-c03-pre-satavahana-andhra,Pre-Satavahana Andhra,u1-c03-amaravati-dhanyakataka-beginnings,Amaravati / Dhanyakataka beginnings,అమరావతి / ధాన్యకటకం ఆరంభాలు,bridge,0,1,overlap;narrow,Overlaps ch4 satavahana art and the Amaravati subtopics.,needs_decision
1,3,u1-c03-pre-satavahana-andhra,Pre-Satavahana Andhra,u1-c03-kharavela-hathigumpha,Kharavela and the Hathigumpha inscription,ఖారవేలుడు మరియు హాథీగుంఫా శాసనం,bridge,0,0,no_source;telugu_review,A standard exam item with no note section.,needs_decision
1,3,u1-c03-pre-satavahana-andhra,Pre-Satavahana Andhra,u1-c03-early-local-rulers,Early local rulers,తొలి స్థానిక పాలకులు,bridge,1,1,,,proposed
1,3,u1-c03-pre-satavahana-andhra,Pre-Satavahana Andhra,u1-c03-punch-marked-local-coinage,Punch-marked and local coinage,ఆహత (పంచ్-మార్క్డ్) మరియు స్థానిక నాణేలు,bridge,0,0,overlap;no_source;telugu_review,Overlaps ch1 `coins` and ch4 `coinage`.,needs_decision
1,4,u1-c04-satavahanas,Satavahanas,u1-c04-origin-homeland,Origin and homeland theories,మూలం మరియు జన్మభూమి సిద్ధాంతాలు,direct,1,1,,,proposed
1,4,u1-c04-satavahanas,Satavahanas,u1-c04-chronology,Chronology,కాలక్రమం,direct,1,0,,,proposed
1,4,u1-c04-satavahanas,Satavahanas,u1-c04-political-history,Political history,రాజకీయ చరిత్ర,direct,3,1,,,proposed
1,4,u1-c04-satavahanas,Satavahanas,u1-c04-important-rulers,Important rulers,ముఖ్య పాలకులు,direct,2,1,,,proposed
1,4,u1-c04-satavahanas,Satavahanas,u1-c04-administration,Administration,పరిపాలన,direct,0,0,no_source,,needs_decision
1,4,u1-c04-satavahanas,Satavahanas,u1-c04-society,Society,సమాజం,direct,1,0,,,proposed
1,4,u1-c04-satavahanas,Satavahanas,u1-c04-economy-trade,"Economy, agriculture, guilds and trade (including Indo-Roman trade)","ఆర్థిక వ్యవస్థ, వ్యవసాయం, వర్తక శ్రేణులు మరియు వాణిజ్యం (ఇండో-రోమన్ వాణిజ్యంతో సహా)",direct,0,1,,,proposed
1,4,u1-c04-satavahanas,Satavahanas,u1-c04-coinage,Coinage,నాణేల వ్యవస్థ,direct,1,1,,,proposed
1,4,u1-c04-satavahanas,Satavahanas,u1-c04-religion,Religion,మతం,direct,1,0,,,proposed
1,4,u1-c04-satavahanas,Satavahanas,u1-c04-literature,Prakrit and literature,ప్రాకృతం మరియు సాహిత్యం,direct,0,1,,,proposed
1,4,u1-c04-satavahanas,Satavahanas,u1-c04-art-architecture,Amaravati art and architecture,అమరావతి కళ మరియు వాస్తుశిల్పం,direct,1,0,,,proposed
1,4,u1-c04-satavahanas,Satavahanas,u1-c04-inscriptions,Inscriptions,శాసనాలు,direct,1,1,,,proposed
1,4,u1-c04-satavahanas,Satavahanas,u1-c04-decline,Decline,పతనం,direct,0,0,no_source,,needs_decision
1,5,u1-c05-ikshvakus,Ikshvakus,u1-c05-origin-chronology,Origin and chronology,మూలం మరియు కాలక్రమం,direct,1,1,,,proposed
1,5,u1-c05-ikshvakus,Ikshvakus,u1-c05-important-rulers,Important rulers,ముఖ్య పాలకులు,direct,5,0,,,proposed
1,5,u1-c05-ikshvakus,Ikshvakus,u1-c05-vijayapuri-nagarjunakonda,Vijayapuri and Nagarjunakonda,విజయపురి మరియు నాగార్జునకొండ,direct,2,1,,,proposed
1,5,u1-c05-ikshvakus,Ikshvakus,u1-c05-administration,Administration,పరిపాలన,direct,1,0,,,proposed
1,5,u1-c05-ikshvakus,Ikshvakus,u1-c05-socio-economic-conditions,Socio-economic conditions,సామాజిక-ఆర్థిక పరిస్థితులు,direct,1,0,,,proposed
1,5,u1-c05-ikshvakus,Ikshvakus,u1-c05-buddhism,Buddhism,బౌద్ధమతం,direct,1,2,overlap,"Overlaps `vijayapuri-nagarjunakonda`, which is itself a Buddhist centre.",needs_decision
1,5,u1-c05-ikshvakus,Ikshvakus,u1-c05-brahmanism,Brahmanism,బ్రాహ్మణ మతం,direct,0,2,,,proposed
1,5,u1-c05-ikshvakus,Ikshvakus,u1-c05-royal-women,Royal women,రాజవంశ స్త్రీలు,direct,1,0,narrow;note_driven,Maps one note section.,needs_decision
1,5,u1-c05-ikshvakus,Ikshvakus,u1-c05-literature-education,Literature and education,సాహిత్యం మరియు విద్య,direct,0,0,no_source,,needs_decision
1,5,u1-c05-ikshvakus,Ikshvakus,u1-c05-art-architecture,Art and architecture,కళ మరియు వాస్తుశిల్పం,direct,2,0,,,proposed
1,5,u1-c05-ikshvakus,Ikshvakus,u1-c05-inscriptions,Inscriptions,శాసనాలు,direct,1,1,,,proposed
1,5,u1-c05-ikshvakus,Ikshvakus,u1-c05-decline,Decline,పతనం,direct,1,1,,,proposed
1,6,u1-c06-post-ikshvaku-minor-dynasties,Post-Ikshvaku Minor Dynasties,u1-c06-brihatphalayanas,Brihatphalayanas,బృహత్‌ఫలాయనులు,bridge,1,0,,,proposed
1,6,u1-c06-post-ikshvaku-minor-dynasties,Post-Ikshvaku Minor Dynasties,u1-c06-ananda-gotrikas,Ananda Gotrikas,ఆనంద గోత్రికులు,bridge,1,1,,,proposed
1,6,u1-c06-post-ikshvaku-minor-dynasties,Post-Ikshvaku Minor Dynasties,u1-c06-salankayanas,Salankayanas,శాలంకాయనులు,bridge,4,1,,,proposed
1,6,u1-c06-post-ikshvaku-minor-dynasties,Post-Ikshvaku Minor Dynasties,u1-c06-pallava-influence,Pallava influence,పల్లవుల ప్రభావం,bridge,0,0,no_source,No note section maps here; fine if the source is thin.,needs_decision
1,6,u1-c06-post-ikshvaku-minor-dynasties,Post-Ikshvaku Minor Dynasties,u1-c06-other-transitional-dynasties,Other transitional dynasties,ఇతర పరివర్తన రాజవంశాలు,bridge,0,0,overlap;no_source,Catch-all; overlaps `political-conditions`.,needs_decision
1,6,u1-c06-post-ikshvaku-minor-dynasties,Post-Ikshvaku Minor Dynasties,u1-c06-political-conditions,Political conditions,రాజకీయ పరిస్థితులు,bridge,1,1,,,proposed
1,6,u1-c06-post-ikshvaku-minor-dynasties,Post-Ikshvaku Minor Dynasties,u1-c06-society-economy,Society and economy,సమాజం మరియు ఆర్థిక వ్యవస్థ,bridge,0,0,no_source,,needs_decision
1,6,u1-c06-post-ikshvaku-minor-dynasties,Post-Ikshvaku Minor Dynasties,u1-c06-religion,Religion,మతం,bridge,3,0,,,proposed
1,6,u1-c06-post-ikshvaku-minor-dynasties,Post-Ikshvaku Minor Dynasties,u1-c06-inscriptions,Inscriptions,శాసనాలు,bridge,1,0,,,proposed
1,6,u1-c06-post-ikshvaku-minor-dynasties,Post-Ikshvaku Minor Dynasties,u1-c06-art-architecture,Art and architecture,కళ మరియు వాస్తుశిల్పం,bridge,1,0,,,proposed
1,7,u1-c07-vishnukundins,Vishnukundins,u1-c07-origin-chronology,Origin and chronology,మూలం మరియు కాలక్రమం,direct,2,2,,,proposed
1,7,u1-c07-vishnukundins,Vishnukundins,u1-c07-important-rulers,Important rulers,ముఖ్య పాలకులు,direct,3,1,,,proposed
1,7,u1-c07-vishnukundins,Vishnukundins,u1-c07-political-expansion,Political expansion,రాజకీయ విస్తరణ,direct,2,1,,,proposed
1,7,u1-c07-vishnukundins,Vishnukundins,u1-c07-administration,Administration,పరిపాలన,direct,0,0,no_source,,needs_decision
1,7,u1-c07-vishnukundins,Vishnukundins,u1-c07-society-economy,Society and economy,సమాజం మరియు ఆర్థిక వ్యవస్థ,direct,0,0,no_source,,needs_decision
1,7,u1-c07-vishnukundins,Vishnukundins,u1-c07-religion,Religion,మతం,direct,1,0,,,proposed
1,7,u1-c07-vishnukundins,Vishnukundins,u1-c07-sanskrit-telugu-development,Sanskrit and Telugu development,సంస్కృతం మరియు తెలుగు వికాసం,direct,1,1,note_driven;telugu_review,One note section.,needs_decision
1,7,u1-c07-vishnukundins,Vishnukundins,u1-c07-cave-temple-architecture,Cave and temple architecture,గుహలు మరియు దేవాలయ వాస్తుశిల్పం,direct,2,0,overlap,Overlaps the chapter-level art-and-architecture pattern used elsewhere; keep or rename for consistency.,needs_decision
1,7,u1-c07-vishnukundins,Vishnukundins,u1-c07-coins,Coins,నాణేలు,direct,1,0,,,proposed
1,7,u1-c07-vishnukundins,Vishnukundins,u1-c07-inscriptions,Inscriptions,శాసనాలు,direct,2,1,,,proposed
1,7,u1-c07-vishnukundins,Vishnukundins,u1-c07-decline,Decline,పతనం,direct,2,0,,,proposed
1,8,u1-c08-eastern-chalukyas-andhra-cholas,Eastern Chalukyas of Vengi and Andhra Cholas,u1-c08-vengi-foundation,Foundation of the Vengi kingdom,వేంగి రాజ్య స్థాపన,direct,2,3,,,proposed
1,8,u1-c08-eastern-chalukyas-andhra-cholas,Eastern Chalukyas of Vengi and Andhra Cholas,u1-c08-political-chronology,Political chronology,రాజకీయ కాలక్రమం,direct,1,0,,,proposed
1,8,u1-c08-eastern-chalukyas-andhra-cholas,Eastern Chalukyas of Vengi and Andhra Cholas,u1-c08-important-rulers,Important rulers,ముఖ్య పాలకులు,direct,7,0,overlap,Seven sections map here; `political-chronology` and `vengi-foundation` cover the same ground.,needs_decision
1,8,u1-c08-eastern-chalukyas-andhra-cholas,Eastern Chalukyas of Vengi and Andhra Cholas,u1-c08-chola-chalukya-relations,Chola–Chalukya relations and the Chalukya-Chola period,చోళ–చాళుక్య సంబంధాలు మరియు చాళుక్య-చోళ యుగం,direct,1,0,note_driven,One note section.,needs_decision
1,8,u1-c08-eastern-chalukyas-andhra-cholas,Eastern Chalukyas of Vengi and Andhra Cholas,u1-c08-administration,Administration,పరిపాలన,direct,0,1,,,proposed
1,8,u1-c08-eastern-chalukyas-andhra-cholas,Eastern Chalukyas of Vengi and Andhra Cholas,u1-c08-society-economy,Society and economy,సమాజం మరియు ఆర్థిక వ్యవస్థ,direct,0,0,no_source,,needs_decision
1,8,u1-c08-eastern-chalukyas-andhra-cholas,Eastern Chalukyas of Vengi and Andhra Cholas,u1-c08-religion,Religion,మతం,direct,1,1,,,proposed
1,8,u1-c08-eastern-chalukyas-andhra-cholas,Eastern Chalukyas of Vengi and Andhra Cholas,u1-c08-telugu-nannaya-literature,Growth of Telugu; Nannaya and early Telugu literature,తెలుగు వికాసం; నన్నయ మరియు తొలి తెలుగు సాహిత్యం,direct,1,1,,,proposed
1,8,u1-c08-eastern-chalukyas-andhra-cholas,Eastern Chalukyas of Vengi and Andhra Cholas,u1-c08-art-architecture,Art and architecture,కళ మరియు వాస్తుశిల్పం,direct,1,0,overlap,"NEW since phase 1: broad material (Eastern Chalukya temples, sculpture, painting) had only the narrow Pancharamas home.",needs_decision
1,8,u1-c08-eastern-chalukyas-andhra-cholas,Eastern Chalukyas of Vengi and Andhra Cholas,u1-c08-temples-pancharamas,Temples and Pancharamas,దేవాలయాలు మరియు పంచారామాలు,direct,1,2,overlap;narrow;telugu_review,Narrow; the broader `art-architecture` subtopic was added for the rest.,needs_decision
1,8,u1-c08-eastern-chalukyas-andhra-cholas,Eastern Chalukyas of Vengi and Andhra Cholas,u1-c08-velanati-chodas,Velanati Chodas,వెలనాటి చోడులు,direct,0,1,,Candidates for the Telugu Choda and Palnadu gaps are in chapter 8's unmapped list.,proposed
1,8,u1-c08-eastern-chalukyas-andhra-cholas,Eastern Chalukyas of Vengi and Andhra Cholas,u1-c08-nellore-telugu-chodas,Nellore Telugu Chodas,నెల్లూరు తెలుగు చోడులు,direct,0,0,no_source,,needs_decision
1,8,u1-c08-eastern-chalukyas-andhra-cholas,Eastern Chalukyas of Vengi and Andhra Cholas,u1-c08-palnadu-war,Palnadu War,పల్నాటి యుద్ధం,direct,0,0,narrow;no_source,One episode.,needs_decision
1,8,u1-c08-eastern-chalukyas-andhra-cholas,Eastern Chalukyas of Vengi and Andhra Cholas,u1-c08-inscriptions,Inscriptions,శాసనాలు,direct,0,1,,,proposed
1,8,u1-c08-eastern-chalukyas-andhra-cholas,Eastern Chalukyas of Vengi and Andhra Cholas,u1-c08-decline-transition,Decline and transition,పతనం మరియు పరివర్తన,direct,1,0,,,proposed
2,9,u2-c09-kakatiyas,Kakatiyas,u2-c09-origin-early-rulers,Origin and early rulers,మూలం మరియు తొలి పాలకులు,direct,1,0,overlap,Overlaps the per-ruler subtopics.,needs_decision
2,9,u2-c09-kakatiyas,Kakatiyas,u2-c09-rudradeva,Rudradeva,రుద్రదేవుడు,direct,1,0,narrow;note_driven,Per-ruler subtopics: six rulers in one chapter. Consider 'Early rulers' + 'Ganapatideva' + 'Rudramadevi' + 'Prataparudra'.,needs_decision
2,9,u2-c09-kakatiyas,Kakatiyas,u2-c09-mahadeva,Mahadeva,మహాదేవుడు,direct,1,0,narrow;note_driven,See `rudradeva`.,needs_decision
2,9,u2-c09-kakatiyas,Kakatiyas,u2-c09-ganapatideva,Ganapatideva,గణపతిదేవుడు,direct,1,0,narrow;note_driven,Major ruler; keep if exams ask per-ruler.,needs_decision
2,9,u2-c09-kakatiyas,Kakatiyas,u2-c09-rudramadevi,Rudramadevi,రుద్రమదేవి,direct,1,0,narrow;note_driven,Major ruler; keep.,needs_decision
2,9,u2-c09-kakatiyas,Kakatiyas,u2-c09-prataparudra,Prataparudra,ప్రతాపరుద్రుడు,direct,1,0,narrow;note_driven,See `rudradeva`.,needs_decision
2,9,u2-c09-kakatiyas,Kakatiyas,u2-c09-political-expansion,Political expansion,రాజకీయ విస్తరణ,direct,1,0,overlap,Overlaps the ruler subtopics.,needs_decision
2,9,u2-c09-kakatiyas,Kakatiyas,u2-c09-delhi-sultanate-invasions,Delhi Sultanate invasions,ఢిల్లీ సుల్తానుల దండయాత్రలు,direct,1,1,,,proposed
2,9,u2-c09-kakatiyas,Kakatiyas,u2-c09-administration-nayankara,Administration and the Nayankara system,పరిపాలన మరియు నాయంకర వ్యవస్థ,direct,1,0,telugu_review,,needs_decision
2,9,u2-c09-kakatiyas,Kakatiyas,u2-c09-irrigation-agriculture,Irrigation and agriculture,నీటిపారుదల మరియు వ్యవసాయం,direct,0,1,,,proposed
2,9,u2-c09-kakatiyas,Kakatiyas,u2-c09-crafts-trade-motupalli,"Crafts, trade and Motupalli","చేతివృత్తులు, వాణిజ్యం మరియు మోటుపల్లి",direct,1,0,note_driven,Motupalli is the note heading; the subtopic is broader in intent.,needs_decision
2,9,u2-c09-kakatiyas,Kakatiyas,u2-c09-society,Society,సమాజం,direct,0,1,,,proposed
2,9,u2-c09-kakatiyas,Kakatiyas,u2-c09-religion,Religion,మతం,direct,1,0,,,proposed
2,9,u2-c09-kakatiyas,Kakatiyas,u2-c09-telugu-literature,Telugu literature,తెలుగు సాహిత్యం,direct,1,0,,,proposed
2,9,u2-c09-kakatiyas,Kakatiyas,u2-c09-dance-music,Dance and music,నృత్యం మరియు సంగీతం,direct,0,1,,,proposed
2,9,u2-c09-kakatiyas,Kakatiyas,u2-c09-art-architecture,Art and architecture,కళ మరియు వాస్తుశిల్పం,direct,3,1,,,proposed
2,9,u2-c09-kakatiyas,Kakatiyas,u2-c09-decline,Decline,పతనం,direct,0,1,,,proposed
2,10,u2-c10-musunuri-reddy-velama,"Musunuri Nayakas, Reddy Kingdoms and Velama Chiefs",u2-c10-post-kakatiya-conditions,Post-Kakatiya political conditions,కాకతీయానంతర రాజకీయ పరిస్థితులు,direct,1,0,,,proposed
2,10,u2-c10-musunuri-reddy-velama,"Musunuri Nayakas, Reddy Kingdoms and Velama Chiefs",u2-c10-musunuri-nayakas,"Musunuri Prolaya Nayaka, Kapaya Nayaka and the liberation of Warangal","ముసునూరి ప్రోలయ నాయకుడు, కాపయ నాయకుడు మరియు ఓరుగల్లు విముక్తి",direct,2,0,telugu_review,,needs_decision
2,10,u2-c10-musunuri-reddy-velama,"Musunuri Nayakas, Reddy Kingdoms and Velama Chiefs",u2-c10-kondavidu-reddys,Kondavidu Reddys,కొండవీడు రెడ్డిలు,direct,3,0,overlap,Three Reddy-family subtopics; `rajahmundry-reddys` is where Kataya Vema (unapproved) is placed.,needs_decision
2,10,u2-c10-musunuri-reddy-velama,"Musunuri Nayakas, Reddy Kingdoms and Velama Chiefs",u2-c10-rajahmundry-reddys,Rajahmundry Reddys,రాజమహేంద్రవరం రెడ్డిలు,direct,2,0,,,proposed
2,10,u2-c10-musunuri-reddy-velama,"Musunuri Nayakas, Reddy Kingdoms and Velama Chiefs",u2-c10-recharla-velamas,Recharla Velamas (Rachakonda and Devarakonda),రేచర్ల వెలమలు (రాచకొండ మరియు దేవరకొండ),direct,1,0,,,proposed
2,10,u2-c10-musunuri-reddy-velama,"Musunuri Nayakas, Reddy Kingdoms and Velama Chiefs",u2-c10-administration,Administration,పరిపాలన,direct,1,0,,,proposed
2,10,u2-c10-musunuri-reddy-velama,"Musunuri Nayakas, Reddy Kingdoms and Velama Chiefs",u2-c10-society-economy,Society and economy,సమాజం మరియు ఆర్థిక వ్యవస్థ,direct,0,2,,,proposed
2,10,u2-c10-musunuri-reddy-velama,"Musunuri Nayakas, Reddy Kingdoms and Velama Chiefs",u2-c10-religion,Religion,మతం,direct,1,0,,,proposed
2,10,u2-c10-musunuri-reddy-velama,"Musunuri Nayakas, Reddy Kingdoms and Velama Chiefs",u2-c10-telugu-literature,Telugu literature,తెలుగు సాహిత్యం,direct,2,0,,,proposed
2,10,u2-c10-musunuri-reddy-velama,"Musunuri Nayakas, Reddy Kingdoms and Velama Chiefs",u2-c10-art-architecture,Art and architecture,కళ మరియు వాస్తుశిల్పం,direct,1,0,,,proposed
2,10,u2-c10-musunuri-reddy-velama,"Musunuri Nayakas, Reddy Kingdoms and Velama Chiefs",u2-c10-regional-conflicts,Regional conflicts,ప్రాంతీయ సంఘర్షణలు,direct,1,0,overlap,Overlaps the dynasty subtopics and ch12.,needs_decision
2,11,u2-c11-vijayanagara-andhra,Vijayanagara and Andhra,u2-c11-foundation,Foundation,స్థాపన,direct,1,0,,,proposed
2,11,u2-c11-vijayanagara-andhra,Vijayanagara and Andhra,u2-c11-four-dynasties,Four dynasties,నాలుగు రాజవంశాలు,direct,3,2,overlap,Overlaps `important-rulers`.,needs_decision
2,11,u2-c11-vijayanagara-andhra,Vijayanagara and Andhra,u2-c11-important-rulers,Important rulers,ముఖ్య పాలకులు,direct,2,2,,,proposed
2,11,u2-c11-vijayanagara-andhra,Vijayanagara and Andhra,u2-c11-krishnadevaraya,Sri Krishnadevaraya,శ్రీకృష్ణదేవరాయలు,direct,1,1,,,proposed
2,11,u2-c11-vijayanagara-andhra,Vijayanagara and Andhra,u2-c11-andhra-campaigns-gajapati-bahmani,Andhra campaigns; Gajapati and Bahmani conflicts,ఆంధ్రలో సైనిక దండయాత్రలు; గజపతి మరియు బహమనీ సంఘర్షణలు,direct,1,0,overlap;note_driven,Overlaps ch12 subtopics.,needs_decision
2,11,u2-c11-vijayanagara-andhra,Vijayanagara and Andhra,u2-c11-administration-nayankara,Administration and the Nayankara system,పరిపాలన మరియు నాయంకర వ్యవస్థ,direct,1,0,,,proposed
2,11,u2-c11-vijayanagara-andhra,Vijayanagara and Andhra,u2-c11-economy-trade,Economy and trade,ఆర్థిక వ్యవస్థ మరియు వాణిజ్యం,direct,0,1,,,proposed
2,11,u2-c11-vijayanagara-andhra,Vijayanagara and Andhra,u2-c11-society,Society,సమాజం,direct,0,0,no_source,,needs_decision
2,11,u2-c11-vijayanagara-andhra,Vijayanagara and Andhra,u2-c11-religion,Religion,మతం,direct,1,0,,,proposed
2,11,u2-c11-vijayanagara-andhra,Vijayanagara and Andhra,u2-c11-telugu-literature-ashtadiggajas,Telugu literature and the Ashtadiggajas,తెలుగు సాహిత్యం మరియు అష్టదిగ్గజాలు,direct,2,0,narrow,One literary group; broader `telugu-literature` would hold it.,needs_decision
2,11,u2-c11-vijayanagara-andhra,Vijayanagara and Andhra,u2-c11-art-architecture,Art and architecture,కళ మరియు వాస్తుశిల్పం,direct,1,1,,,proposed
2,11,u2-c11-vijayanagara-andhra,Vijayanagara and Andhra,u2-c11-battle-of-talikota,Battle of Talikota,తళ్ళికోట యుద్ధం,direct,1,1,overlap;telugu_review,Overlaps `decline`.,needs_decision
2,11,u2-c11-vijayanagara-andhra,Vijayanagara and Andhra,u2-c11-decline,Decline,పతనం,direct,2,0,,,proposed
2,12,u2-c12-gajapatis-bahmanis-regional-powers,"Gajapatis, Bahmanis and Other Regional Powers",u2-c12-gajapati-rule-influence,Gajapati rule and influence in Andhra,ఆంధ్రలో గజపతుల పాలన మరియు ప్రభావం,direct,0,2,overlap,Overlaps ch11 `andhra-campaigns-gajapati-bahmani`.,needs_decision
2,12,u2-c12-gajapatis-bahmanis-regional-powers,"Gajapatis, Bahmanis and Other Regional Powers",u2-c12-bahmani-vijayanagara-rivalry,Bahmani–Vijayanagara rivalry,బహమనీ–విజయనగర వైరం,direct,0,1,overlap,Overlaps ch11 (same rivalry from the other side).,needs_decision
2,12,u2-c12-gajapatis-bahmanis-regional-powers,"Gajapatis, Bahmanis and Other Regional Powers",u2-c12-coastal-andhra-conflicts,Coastal Andhra conflicts,తీరాంధ్ర సంఘర్షణలు,direct,0,0,no_source,,needs_decision
2,12,u2-c12-gajapatis-bahmanis-regional-powers,"Gajapatis, Bahmanis and Other Regional Powers",u2-c12-minor-regional-powers,Minor regional powers,చిన్న ప్రాంతీయ శక్తులు,direct,0,0,no_source,,needs_decision
2,12,u2-c12-gajapatis-bahmanis-regional-powers,"Gajapatis, Bahmanis and Other Regional Powers",u2-c12-forts-political-centres,Forts and political centres,కోటలు మరియు రాజకీయ కేంద్రాలు,direct,0,0,no_source,,needs_decision
2,12,u2-c12-gajapatis-bahmanis-regional-powers,"Gajapatis, Bahmanis and Other Regional Powers",u2-c12-socio-cultural-influence,Socio-cultural influence,సామాజిక-సాంస్కృతిక ప్రభావం,direct,0,0,no_source,,needs_decision
2,12,u2-c12-gajapatis-bahmanis-regional-powers,"Gajapatis, Bahmanis and Other Regional Powers",u2-c12-political-transition,Political transition,రాజకీయ పరివర్తన,direct,0,0,no_source,,needs_decision
2,13,u2-c13-qutb-shahis,Qutb Shahis and Sixteenth-Century Andhra,u2-c13-establishment,Establishment of Qutb Shahi power,కుతుబ్‌షాహీ అధికార స్థాపన,direct,1,0,telugu_review,,needs_decision
2,13,u2-c13-qutb-shahis,Qutb Shahis and Sixteenth-Century Andhra,u2-c13-sixteenth-century-rulers,Important sixteenth-century rulers,పదహారో శతాబ్దపు ముఖ్య పాలకులు,direct,3,0,,,proposed
2,13,u2-c13-qutb-shahis,Qutb Shahis and Sixteenth-Century Andhra,u2-c13-expansion-into-andhra,Expansion into Andhra,ఆంధ్రలో విస్తరణ,direct,0,0,overlap;no_source,Overlaps `establishment` and `sixteenth-century-rulers`.,needs_decision
2,13,u2-c13-qutb-shahis,Qutb Shahis and Sixteenth-Century Andhra,u2-c13-administration,Administration,పరిపాలన,direct,1,0,,,proposed
2,13,u2-c13-qutb-shahis,Qutb Shahis and Sixteenth-Century Andhra,u2-c13-society-economy,Society and economy,సమాజం మరియు ఆర్థిక వ్యవస్థ,direct,0,1,,,proposed
2,13,u2-c13-qutb-shahis,Qutb Shahis and Sixteenth-Century Andhra,u2-c13-trade-ports-golconda,"Trade, ports and Golconda commerce","వాణిజ్యం, రేవులు మరియు గోల్కొండ వర్తకం",direct,0,1,,,proposed
2,13,u2-c13-qutb-shahis,Qutb Shahis and Sixteenth-Century Andhra,u2-c13-religion,Religion,మతం,direct,1,0,,,proposed
2,13,u2-c13-qutb-shahis,Qutb Shahis and Sixteenth-Century Andhra,u2-c13-telugu-dakhni-patronage,Telugu and Dakhni patronage,తెలుగు మరియు దక్కనీ భాషల పోషణ,direct,1,1,telugu_review,,needs_decision
2,13,u2-c13-qutb-shahis,Qutb Shahis and Sixteenth-Century Andhra,u2-c13-art-architecture,Art and architecture,కళ మరియు వాస్తుశిల్పం,direct,4,1,,,proposed
2,14,u2-c14-thematic-history-11th-16th-c,"Thematic History of Andhradesa, 11th–16th Centuries",u2-c14-comparative-administration,Comparative administration,తులనాత్మక పరిపాలన,thematic,0,0,no_source;by_design,Thematic chapter: overlaps chapters 8-13 by design. Questions get one primary chapter (the dynasty chapter) unless the question is genuinely comparative.,needs_decision
2,14,u2-c14-thematic-history-11th-16th-c,"Thematic History of Andhradesa, 11th–16th Centuries",u2-c14-social-structure,Social structure,సామాజిక నిర్మాణం,thematic,0,0,no_source;by_design,See `comparative-administration`.,needs_decision
2,14,u2-c14-thematic-history-11th-16th-c,"Thematic History of Andhradesa, 11th–16th Centuries",u2-c14-economic-conditions,Economic conditions,ఆర్థిక పరిస్థితులు,thematic,0,0,overlap;no_source;by_design,Overlaps `agriculture-irrigation` and `trade` in the same chapter.,needs_decision
2,14,u2-c14-thematic-history-11th-16th-c,"Thematic History of Andhradesa, 11th–16th Centuries",u2-c14-agriculture-irrigation,Agriculture and irrigation,వ్యవసాయం మరియు నీటిపారుదల,thematic,0,0,no_source;by_design,See `comparative-administration`.,needs_decision
2,14,u2-c14-thematic-history-11th-16th-c,"Thematic History of Andhradesa, 11th–16th Centuries",u2-c14-trade,Internal and overseas trade,అంతర్గత మరియు విదేశీ వాణిజ్యం,thematic,0,0,no_source;by_design,See `comparative-administration`.,needs_decision
2,14,u2-c14-thematic-history-11th-16th-c,"Thematic History of Andhradesa, 11th–16th Centuries",u2-c14-religious-movements,Religious movements,మత ఉద్యమాలు,thematic,0,1,by_design,See `comparative-administration`.,needs_decision
2,14,u2-c14-thematic-history-11th-16th-c,"Thematic History of Andhradesa, 11th–16th Centuries",u2-c14-growth-of-telugu,Growth of Telugu,తెలుగు వికాసం,thematic,0,1,by_design,See `comparative-administration`.,needs_decision
2,14,u2-c14-thematic-history-11th-16th-c,"Thematic History of Andhradesa, 11th–16th Centuries",u2-c14-authors-works,Major authors and works,ముఖ్య కవులు మరియు రచనలు,thematic,0,3,by_design,See `comparative-administration`.,needs_decision
2,14,u2-c14-thematic-history-11th-16th-c,"Thematic History of Andhradesa, 11th–16th Centuries",u2-c14-sculpture,Sculpture,శిల్పకళ,thematic,0,0,overlap;no_source;by_design,Overlaps `temple-architecture` and the art-architecture subtopics of chapters 8-13.,needs_decision
2,14,u2-c14-thematic-history-11th-16th-c,"Thematic History of Andhradesa, 11th–16th Centuries",u2-c14-temple-architecture,Temple architecture,దేవాలయ వాస్తుశిల్పం,thematic,0,0,no_source;by_design,See `sculpture`.,needs_decision
2,14,u2-c14-thematic-history-11th-16th-c,"Thematic History of Andhradesa, 11th–16th Centuries",u2-c14-forts,Forts,కోటలు,thematic,0,1,by_design,See `comparative-administration`.,needs_decision
2,14,u2-c14-thematic-history-11th-16th-c,"Thematic History of Andhradesa, 11th–16th Centuries",u2-c14-music-dance,Music and dance,సంగీతం మరియు నృత్యం,thematic,0,0,no_source;by_design,See `comparative-administration`.,needs_decision
3,15,u3-c15-europeans-company-rule,"Europeans, Trading Centres and Company Rule",u3-c15-portuguese,Portuguese,పోర్చుగీసువారు,direct,0,0,narrow;no_source,Four per-nation subtopics; none has a note section yet.,needs_decision
3,15,u3-c15-europeans-company-rule,"Europeans, Trading Centres and Company Rule",u3-c15-dutch,Dutch,డచ్చివారు,direct,0,0,narrow;no_source,See `portuguese`.,needs_decision
3,15,u3-c15-europeans-company-rule,"Europeans, Trading Centres and Company Rule",u3-c15-english,English,ఆంగ్లేయులు,direct,0,0,narrow;no_source,"See `portuguese`. Consider one subtopic 'Portuguese, Dutch and French' plus 'English'.",needs_decision
3,15,u3-c15-europeans-company-rule,"Europeans, Trading Centres and Company Rule",u3-c15-french,French,ఫ్రెంచివారు,direct,0,0,narrow;no_source,See `portuguese`.,needs_decision
3,15,u3-c15-europeans-company-rule,"Europeans, Trading Centres and Company Rule",u3-c15-trading-centres-ports,European trading centres and ports,యూరోపియన్ వ్యాపార కేంద్రాలు మరియు రేవులు,direct,1,0,,,proposed
3,15,u3-c15-europeans-company-rule,"Europeans, Trading Centres and Company Rule",u3-c15-european-rivalries,European rivalries,యూరోపియన్ల మధ్య పోటీ,direct,1,1,,,proposed
3,15,u3-c15-europeans-company-rule,"Europeans, Trading Centres and Company Rule",u3-c15-northern-circars,Northern Circars,ఉత్తర సర్కారులు,direct,1,1,telugu_review,,needs_decision
3,15,u3-c15-europeans-company-rule,"Europeans, Trading Centres and Company Rule",u3-c15-ceded-districts,Ceded Districts,దత్త మండలాలు,direct,1,0,telugu_review,,needs_decision
3,15,u3-c15-europeans-company-rule,"Europeans, Trading Centres and Company Rule",u3-c15-company-administration,Andhra under the East India Company,ఈస్టిండియా కంపెనీ పాలనలో ఆంధ్ర,direct,0,1,,,proposed
3,15,u3-c15-europeans-company-rule,"Europeans, Trading Centres and Company Rule",u3-c15-revenue-systems,Revenue systems,శిస్తు (రెవెన్యూ) విధానాలు,direct,0,1,overlap,Overlaps ch16 `zamindari-ryotwari` and `administrative-economic-effects`.,needs_decision
3,15,u3-c15-europeans-company-rule,"Europeans, Trading Centres and Company Rule",u3-c15-early-economic-social-impact,Early economic and social impact,తొలి ఆర్థిక మరియు సామాజిక ప్రభావం,direct,0,1,,,proposed
3,16,u3-c16-british-rule-revolt-1857,Establishment of British Rule and the Impact of 1857,u3-c16-consolidation-of-administration,Consolidation of British administration,బ్రిటిష్ పరిపాలన స్థిరీకరణ,direct,1,0,,,proposed
3,16,u3-c16-british-rule-revolt-1857,Establishment of British Rule and the Impact of 1857,u3-c16-zamindari-ryotwari,Zamindari and Ryotwari systems,జమీందారీ మరియు రైత్వారీ విధానాలు,direct,1,1,overlap;telugu_review,"Overlaps ch15 `revenue-systems`. Suggest ch15 = Company-era revenue, ch16 = permanent settlement and ryotwari.",needs_decision
3,16,u3-c16-british-rule-revolt-1857,Establishment of British Rule and the Impact of 1857,u3-c16-thomas-munro,Thomas Munro,థామస్ మన్రో,direct,1,0,narrow;note_driven,One person; ryotwari is already a subtopic.,needs_decision
3,16,u3-c16-british-rule-revolt-1857,Establishment of British Rule and the Impact of 1857,u3-c16-arthur-cotton,Arthur Cotton,ఆర్థర్ కాటన్,direct,1,0,narrow;note_driven,One person; irrigation works would be the broader subtopic.,needs_decision
3,16,u3-c16-british-rule-revolt-1857,Establishment of British Rule and the Impact of 1857,u3-c16-administrative-economic-effects,Administrative and economic effects,పరిపాలనా మరియు ఆర్థిక ప్రభావాలు,direct,1,0,,,proposed
3,16,u3-c16-british-rule-revolt-1857,Establishment of British Rule and the Impact of 1857,u3-c16-revolt-of-1857,Revolt of 1857,1857 తిరుగుబాటు,direct,0,1,,,proposed
3,16,u3-c16-british-rule-revolt-1857,Establishment of British Rule and the Impact of 1857,u3-c16-andhra-events-personalities-1857,Events and personalities connected to Andhra,ఆంధ్రకు సంబంధించిన సంఘటనలు మరియు వ్యక్తులు,direct,0,0,no_source,,needs_decision
3,16,u3-c16-british-rule-revolt-1857,Establishment of British Rule and the Impact of 1857,u3-c16-impact-of-1857,Impact of 1857 on Andhra,ఆంధ్రపై 1857 ప్రభావం,direct,1,0,,,proposed
3,17,u3-c17-socio-cultural-awakening,Socio-Cultural Awakening,u3-c17-western-education,Western education,పాశ్చాత్య విద్య,direct,1,0,,,proposed
3,17,u3-c17-socio-cultural-awakening,Socio-Cultural Awakening,u3-c17-missionary-activity,Missionary activity,క్రైస్తవ మిషనరీ కార్యకలాపాలు,direct,0,0,no_source,,needs_decision
3,17,u3-c17-socio-cultural-awakening,Socio-Cultural Awakening,u3-c17-print-culture,Print culture,ముద్రణ సంస్కృతి,direct,0,1,,,proposed
3,17,u3-c17-socio-cultural-awakening,Socio-Cultural Awakening,u3-c17-social-reform,Social reform,సామాజిక సంస్కరణ,direct,0,2,,,proposed
3,17,u3-c17-socio-cultural-awakening,Socio-Cultural Awakening,u3-c17-veeresalingam,Kandukuri Veeresalingam,కందుకూరి వీరేశలింగం,direct,0,0,narrow;no_source,"One person; could be one subtopic 'Major reformers' covering Veeresalingam, Raghupati Venkataratnam Naidu, Gurajada.",needs_decision
3,17,u3-c17-socio-cultural-awakening,Socio-Cultural Awakening,u3-c17-raghupati-venkataratnam-naidu,Raghupati Venkataratnam Naidu,రఘుపతి వెంకటరత్నం నాయుడు,direct,0,0,narrow;no_source,See `veeresalingam`.,needs_decision
3,17,u3-c17-socio-cultural-awakening,Socio-Cultural Awakening,u3-c17-gurajada-apparao,Gurajada Apparao,గురజాడ అప్పారావు,direct,0,0,narrow;no_source,See `veeresalingam`.,needs_decision
3,17,u3-c17-socio-cultural-awakening,Socio-Cultural Awakening,u3-c17-womens-reform,Women's reform,మహిళా సంస్కరణ,direct,0,0,overlap;no_source,Overlaps ch22 `women-reformers`. Chapter 17 should hold reform as a social movement; ch22 women's participation in the freedom struggle.,needs_decision
3,17,u3-c17-socio-cultural-awakening,Socio-Cultural Awakening,u3-c17-modern-telugu-awakening,Modern Telugu cultural awakening,ఆధునిక తెలుగు సాంస్కృతిక చైతన్యం,direct,0,1,,,proposed
3,17,u3-c17-socio-cultural-awakening,Socio-Cultural Awakening,u3-c17-associations-institutions,Important associations and institutions,ముఖ్య సంఘాలు మరియు సంస్థలు,direct,0,0,no_source,,needs_decision
3,18,u3-c18-justice-party-self-respect,Justice Party and Self-Respect Movement,u3-c18-non-brahmin-origins,Origins of the Non-Brahmin movement,బ్రాహ్మణేతర ఉద్యమ మూలాలు,direct,0,0,no_source,,needs_decision
3,18,u3-c18-justice-party-self-respect,Justice Party and Self-Respect Movement,u3-c18-justice-party,Justice Party,జస్టిస్ పార్టీ,direct,0,1,,,proposed
3,18,u3-c18-justice-party-self-respect,Justice Party and Self-Respect Movement,u3-c18-important-leaders,Important leaders,ముఖ్య నాయకులు,direct,0,0,overlap;no_source,See ch19 `prominent-leaders`.,needs_decision
3,18,u3-c18-justice-party-self-respect,Justice Party and Self-Respect Movement,u3-c18-policies-social-impact,Policies and social impact,విధానాలు మరియు సామాజిక ప్రభావం,direct,0,0,no_source,,needs_decision
3,18,u3-c18-justice-party-self-respect,Justice Party and Self-Respect Movement,u3-c18-self-respect-movement,Self-Respect Movement,ఆత్మగౌరవ ఉద్యమం,direct,0,0,no_source,,needs_decision
3,18,u3-c18-justice-party-self-respect,Justice Party and Self-Respect Movement,u3-c18-influence-in-andhra,Influence in Andhra,ఆంధ్రలో ప్రభావం,direct,0,0,no_source,,needs_decision
3,18,u3-c18-justice-party-self-respect,Justice Party and Self-Respect Movement,u3-c18-debates-limitations,Debates and limitations,చర్చలు మరియు పరిమితులు,direct,0,0,no_source,,needs_decision
3,19,u3-c19-nationalist-movement-1885-1947,"Nationalist Movement in Andhra, 1885–1947",u3-c19-early-political-associations,Early political associations,తొలి రాజకీయ సంఘాలు,direct,0,0,no_source,,needs_decision
3,19,u3-c19-nationalist-movement-1885-1947,"Nationalist Movement in Andhra, 1885–1947",u3-c19-congress-and-andhra,Indian National Congress and Andhra,భారత జాతీయ కాంగ్రెస్ మరియు ఆంధ్ర,direct,1,0,,,proposed
3,19,u3-c19-nationalist-movement-1885-1947,"Nationalist Movement in Andhra, 1885–1947",u3-c19-swadeshi-vandemataram,Swadeshi and Vandemataram,స్వదేశీ మరియు వందేమాతర ఉద్యమాలు,direct,0,1,,,proposed
3,19,u3-c19-nationalist-movement-1885-1947,"Nationalist Movement in Andhra, 1885–1947",u3-c19-home-rule,Home Rule,స్వపరిపాలన (హోమ్ రూల్) ఉద్యమం,direct,0,0,no_source;telugu_review,,needs_decision
3,19,u3-c19-nationalist-movement-1885-1947,"Nationalist Movement in Andhra, 1885–1947",u3-c19-non-cooperation,Non-Cooperation,సహాయ నిరాకరణ,direct,1,0,,,proposed
3,19,u3-c19-nationalist-movement-1885-1947,"Nationalist Movement in Andhra, 1885–1947",u3-c19-chirala-perala-pedanandipadu,Chirala–Perala and Pedanandipadu,చీరాల–పేరాల మరియు పెదనందిపాడు,direct,0,0,narrow;no_source,One local episode; keep as a tag or as part of non-cooperation/civil disobedience.,needs_decision
3,19,u3-c19-nationalist-movement-1885-1947,"Nationalist Movement in Andhra, 1885–1947",u3-c19-civil-disobedience-salt-satyagraha,Civil Disobedience and Salt Satyagraha,శాసనోల్లంఘన మరియు ఉప్పు సత్యాగ్రహం,direct,1,0,,,proposed
3,19,u3-c19-nationalist-movement-1885-1947,"Nationalist Movement in Andhra, 1885–1947",u3-c19-individual-satyagraha,Individual Satyagraha,వ్యక్తిగత సత్యాగ్రహం,direct,0,0,no_source,,needs_decision
3,19,u3-c19-nationalist-movement-1885-1947,"Nationalist Movement in Andhra, 1885–1947",u3-c19-quit-india,Quit India,క్విట్ ఇండియా ఉద్యమం,direct,1,0,,,proposed
3,19,u3-c19-nationalist-movement-1885-1947,"Nationalist Movement in Andhra, 1885–1947",u3-c19-prominent-leaders,Prominent leaders,ప్రముఖ నాయకులు,direct,1,0,overlap,Overlaps ch18 `important-leaders`; and ch25/ch27 person subtopics.,needs_decision
3,19,u3-c19-nationalist-movement-1885-1947,"Nationalist Movement in Andhra, 1885–1947",u3-c19-regional-centres-events,Regional centres and events,ప్రాంతీయ కేంద్రాలు మరియు సంఘటనలు,direct,0,1,,,proposed
3,20,u3-c20-socialists-communists-kisan,"Socialists, Communists, Anti-Zamindari and Kisan Movements",u3-c20-socialists,Socialist organisations and leaders,సోషలిస్టు సంస్థలు మరియు నాయకులు,direct,0,0,no_source,,needs_decision
3,20,u3-c20-socialists-communists-kisan,"Socialists, Communists, Anti-Zamindari and Kisan Movements",u3-c20-communist-movement,Communist movement,కమ్యూనిస్టు ఉద్యమం,direct,0,2,,,proposed
3,20,u3-c20-socialists-communists-kisan,"Socialists, Communists, Anti-Zamindari and Kisan Movements",u3-c20-peasant-organisation,Peasant organisation,రైతు సంఘటన,direct,0,0,no_source,,needs_decision
3,20,u3-c20-socialists-communists-kisan,"Socialists, Communists, Anti-Zamindari and Kisan Movements",u3-c20-anti-zamindari-struggles,Anti-Zamindari struggles,జమీందారీ వ్యతిరేక పోరాటాలు,direct,0,1,,,proposed
3,20,u3-c20-socialists-communists-kisan,"Socialists, Communists, Anti-Zamindari and Kisan Movements",u3-c20-kisan-sabhas,Kisan Sabhas,కిసాన్ సభలు,direct,0,0,overlap;no_source,Overlaps `peasant-organisation`.,needs_decision
3,20,u3-c20-socialists-communists-kisan,"Socialists, Communists, Anti-Zamindari and Kisan Movements",u3-c20-ng-ranga,N. G. Ranga,ఎన్. జి. రంగా,direct,0,0,no_source,,needs_decision
3,20,u3-c20-socialists-communists-kisan,"Socialists, Communists, Anti-Zamindari and Kisan Movements",u3-c20-labour-mobilisation,Labour mobilisation,కార్మిక సమీకరణ,direct,0,0,no_source,,needs_decision
3,20,u3-c20-socialists-communists-kisan,"Socialists, Communists, Anti-Zamindari and Kisan Movements",u3-c20-regional-agrarian-struggles,Important regional agrarian struggles,ముఖ్య ప్రాంతీయ రైతాంగ పోరాటాలు,direct,0,1,overlap,Overlaps `anti-zamindari-struggles`.,needs_decision
3,20,u3-c20-socialists-communists-kisan,"Socialists, Communists, Anti-Zamindari and Kisan Movements",u3-c20-relation-to-national-movement,Relationship with the national movement,జాతీయోద్యమంతో సంబంధం,direct,0,0,no_source,,needs_decision
3,21,u3-c21-poetry-literature-nataka-samasthalu,"Nationalist Poetry, Revolutionary Literature and Nataka Samasthalu",u3-c21-nationalist-poetry,Nationalist poetry,జాతీయ కవిత్వం,direct,0,1,,,proposed
3,21,u3-c21-poetry-literature-nataka-samasthalu,"Nationalist Poetry, Revolutionary Literature and Nataka Samasthalu",u3-c21-revolutionary-writings,Revolutionary writings,విప్లవ రచనలు,direct,0,0,no_source,,needs_decision
3,21,u3-c21-poetry-literature-nataka-samasthalu,"Nationalist Poetry, Revolutionary Literature and Nataka Samasthalu",u3-c21-poets-authors,Important poets and authors,ముఖ్య కవులు మరియు రచయితలు,direct,0,0,no_source,,needs_decision
3,21,u3-c21-poetry-literature-nataka-samasthalu,"Nationalist Poetry, Revolutionary Literature and Nataka Samasthalu",u3-c21-newspapers-publications,Newspapers and literary publications,వార్తాపత్రికలు మరియు సాహిత్య ప్రచురణలు,direct,0,0,no_source,,needs_decision
3,21,u3-c21-poetry-literature-nataka-samasthalu,"Nationalist Poetry, Revolutionary Literature and Nataka Samasthalu",u3-c21-drama-organisations,Drama organisations,నాటక సంస్థలు,direct,0,0,duplicate;overlap;no_source,Same concept as `nataka-samasthalu` in this chapter (drama societies). Keep one.,needs_decision
3,21,u3-c21-poetry-literature-nataka-samasthalu,"Nationalist Poetry, Revolutionary Literature and Nataka Samasthalu",u3-c21-nataka-samasthalu,Nataka Samasthalu,నాటక సమాజాలు,direct,0,1,duplicate;overlap,Same concept as `drama-organisations`; the Telugu term Nataka Samajalu is the one used in the notes.,needs_decision
3,21,u3-c21-poetry-literature-nataka-samasthalu,"Nationalist Poetry, Revolutionary Literature and Nataka Samasthalu",u3-c21-praja-natya-mandali,Praja Natya Mandali,ప్రజా నాట్య మండలి,direct,0,0,narrow;no_source,"One organisation; consider folding into a broader 'People's theatre and IPTA-style groups' subtopic. Maa Bhoomi is a play, not a topic.",needs_decision
3,21,u3-c21-poetry-literature-nataka-samasthalu,"Nationalist Poetry, Revolutionary Literature and Nataka Samasthalu",u3-c21-maa-bhoomi,Maa Bhoomi,మా భూమి,direct,0,0,narrow;no_source,A single play; better as a tag under people's theatre.,needs_decision
3,21,u3-c21-poetry-literature-nataka-samasthalu,"Nationalist Poetry, Revolutionary Literature and Nataka Samasthalu",u3-c21-folk-performance-mobilisation,Folk performance in political mobilisation,రాజకీయ చైతన్యంలో జానపద ప్రదర్శనలు,direct,0,0,no_source,,needs_decision
3,22,u3-c22-womens-participation,Women's Participation,u3-c22-women-reformers,Women social reformers,మహిళా సంఘ సంస్కర్తలు,direct,0,0,overlap;no_source,Overlaps ch17 `womens-reform`.,needs_decision
3,22,u3-c22-womens-participation,Women's Participation,u3-c22-swadeshi-home-rule,Women in Swadeshi and Home Rule,స్వదేశీ మరియు హోమ్ రూల్ ఉద్యమాల్లో మహిళలు,direct,0,0,overlap;no_source,"Overlaps ch19 `swadeshi-vandemataram` and `home-rule`; by design, women's angle only.",needs_decision
3,22,u3-c22-womens-participation,Women's Participation,u3-c22-gandhian-movements,Women in Gandhian movements,గాంధేయ ఉద్యమాల్లో మహిళలు,direct,0,0,overlap;no_source,"Overlaps ch19 non-cooperation, civil-disobedience, quit-india; by design, women's angle only.",needs_decision
3,22,u3-c22-womens-participation,Women's Participation,u3-c22-revolutionary-peasant-movements,Women in revolutionary and peasant movements,విప్లవ మరియు రైతాంగ ఉద్యమాల్లో మహిళలు,direct,0,0,no_source,,needs_decision
3,22,u3-c22-womens-participation,Women's Participation,u3-c22-organisations,Organisations,సంస్థలు,direct,0,0,no_source,,needs_decision
3,22,u3-c22-womens-participation,Women's Participation,u3-c22-prominent-women,Prominent women,ప్రముఖ మహిళలు,direct,0,0,no_source,,needs_decision
3,22,u3-c22-womens-participation,Women's Participation,u3-c22-regional-events,Regional events,ప్రాంతీయ సంఘటనలు,direct,0,0,no_source,,needs_decision
3,22,u3-c22-womens-participation,Women's Participation,u3-c22-social-consequences,Social consequences,సామాజిక పరిణామాలు,direct,0,0,no_source,,needs_decision
4,23,u4-c23-andhra-movement-origin-growth,Origin and Growth of the Andhra Movement,u4-c23-linguistic-identity-roots,Roots of linguistic identity,భాషా గుర్తింపు మూలాలు,direct,0,1,,,proposed
4,23,u4-c23-andhra-movement-origin-growth,Origin and Growth of the Andhra Movement,u4-c23-demand-for-andhra-province,Demand for a separate Andhra province,ప్రత్యేక ఆంధ్ర ప్రాంతం కోసం డిమాండ్,direct,1,0,,,proposed
4,23,u4-c23-andhra-movement-origin-growth,Origin and Growth of the Andhra Movement,u4-c23-early-organisations,Early organisations,తొలి సంస్థలు,direct,0,0,no_source,,needs_decision
4,23,u4-c23-andhra-movement-origin-growth,Origin and Growth of the Andhra Movement,u4-c23-important-conferences,Important conferences,ముఖ్య సభలు,direct,0,1,overlap,Overlaps ch24 `origin-sessions` (the Mahasabha sessions are the conferences).,needs_decision
4,23,u4-c23-andhra-movement-origin-growth,Origin and Growth of the Andhra Movement,u4-c23-andhra-provincial-congress,Andhra Provincial Congress,ఆంధ్ర ప్రాంతీయ కాంగ్రెస్,direct,0,0,no_source,,needs_decision
4,23,u4-c23-andhra-movement-origin-growth,Origin and Growth of the Andhra Movement,u4-c23-andhra-university,Andhra University,ఆంధ్ర విశ్వవిద్యాలయం,direct,0,0,no_source,,needs_decision
4,23,u4-c23-andhra-movement-origin-growth,Origin and Growth of the Andhra Movement,u4-c23-major-resolutions,Major resolutions,ముఖ్య తీర్మానాలు,direct,0,0,duplicate;overlap;no_source,Same concept as ch24 `resolutions` (Andhra Mahasabha resolutions). Decide which chapter owns resolutions.,needs_decision
4,23,u4-c23-andhra-movement-origin-growth,Origin and Growth of the Andhra Movement,u4-c23-sri-bagh-pact,Sri Bagh Pact,శ్రీబాగ్ ఒడంబడిక,direct,1,1,telugu_review,,needs_decision
4,23,u4-c23-andhra-movement-origin-growth,Origin and Growth of the Andhra Movement,u4-c23-political-cultural-dimensions,Political and cultural dimensions,రాజకీయ మరియు సాంస్కృతిక కోణాలు,direct,0,1,,,proposed
4,24,u4-c24-andhra-mahasabhas-leaders,Andhra Mahasabhas and Prominent Leaders,u4-c24-origin-sessions,Origin and sessions of the Andhra Mahasabhas,ఆంధ్ర మహాసభల ఆవిర్భావం మరియు సమావేశాలు,direct,1,0,overlap,See ch23 `important-conferences`.,needs_decision
4,24,u4-c24-andhra-mahasabhas-leaders,Andhra Mahasabhas and Prominent Leaders,u4-c24-resolutions,Resolutions,తీర్మానాలు,direct,0,0,duplicate;overlap;no_source,See ch23 `major-resolutions`.,needs_decision
4,24,u4-c24-andhra-mahasabhas-leaders,Andhra Mahasabhas and Prominent Leaders,u4-c24-organisational-development,Organisational development,సంస్థాగత అభివృద్ధి,direct,0,0,no_source,,needs_decision
4,24,u4-c24-andhra-mahasabhas-leaders,Andhra Mahasabhas and Prominent Leaders,u4-c24-major-leaders,Major leaders,ప్రముఖ నాయకులు,direct,0,1,,,proposed
4,24,u4-c24-andhra-mahasabhas-leaders,Andhra Mahasabhas and Prominent Leaders,u4-c24-ideological-differences,Ideological differences,సైద్ధాంతిక భేదాలు,direct,0,0,no_source,,needs_decision
4,24,u4-c24-andhra-mahasabhas-leaders,Andhra Mahasabhas and Prominent Leaders,u4-c24-contribution-to-state-formation,Contribution to state formation,రాష్ట్ర ఏర్పాటుకు తోడ్పాటు,direct,0,0,no_source,,needs_decision
4,25,u4-c25-press-library-movement,"Press, Newspapers and the Library Movement",u4-c25-krishna-patrika,Krishna Patrika,కృష్ణా పత్రిక,direct,0,0,narrow;no_source,One newspaper; `andhra-patrika` and `other-newspapers` sit beside it. Consider 'Major Telugu newspapers'.,needs_decision
4,25,u4-c25-press-library-movement,"Press, Newspapers and the Library Movement",u4-c25-andhra-patrika,Andhra Patrika,ఆంధ్ర పత్రిక,direct,0,0,narrow;no_source,See `krishna-patrika`.,needs_decision
4,25,u4-c25-press-library-movement,"Press, Newspapers and the Library Movement",u4-c25-other-newspapers,Other newspapers,ఇతర పత్రికలు,direct,0,0,no_source,,needs_decision
4,25,u4-c25-press-library-movement,"Press, Newspapers and the Library Movement",u4-c25-journalists-editors,Journalists and editors,పాత్రికేయులు మరియు సంపాదకులు,direct,0,0,no_source,,needs_decision
4,25,u4-c25-press-library-movement,"Press, Newspapers and the Library Movement",u4-c25-press-political-mobilisation,Press and political mobilisation,పత్రికలు మరియు రాజకీయ చైతన్యం,direct,0,2,,,proposed
4,25,u4-c25-press-library-movement,"Press, Newspapers and the Library Movement",u4-c25-library-movement,Library Movement,గ్రంథాలయోద్యమం,direct,0,1,,,proposed
4,25,u4-c25-press-library-movement,"Press, Newspapers and the Library Movement",u4-c25-ayyanki-venkata-ramanayya,Ayyanki Venkata Ramanayya,అయ్యంకి వెంకటరమణయ్య,direct,0,0,narrow;no_source,One person; overlaps `andhra-desa-library-association` and `library-movement`.,needs_decision
4,25,u4-c25-press-library-movement,"Press, Newspapers and the Library Movement",u4-c25-andhra-desa-library-association,Andhra Desa Library Association,ఆంధ్ర దేశ గ్రంథాలయ సంఘం,direct,0,0,overlap;no_source,Overlaps `library-movement` and `libraries-public-awakening`.,needs_decision
4,25,u4-c25-press-library-movement,"Press, Newspapers and the Library Movement",u4-c25-language-literary-organisations,Language and literary organisations,భాషా మరియు సాహిత్య సంస్థలు,direct,0,0,no_source,,needs_decision
4,25,u4-c25-press-library-movement,"Press, Newspapers and the Library Movement",u4-c25-libraries-public-awakening,Libraries as centres of public awakening,ప్రజా చైతన్య కేంద్రాలుగా గ్రంథాలయాలు,direct,0,0,duplicate;overlap;no_source,"Three library subtopics in one chapter (library-movement, andhra-desa-library-association, libraries-public-awakening).",needs_decision
4,26,u4-c26-folk-tribal-culture,Folk and Tribal Culture,u4-c26-folk-traditions,Folk traditions of Andhra,ఆంధ్ర జానపద సంప్రదాయాలు,direct,0,1,overlap,Overlaps the three art-form subtopics and `regional-dance-performance`.,needs_decision
4,26,u4-c26-folk-tribal-culture,Folk and Tribal Culture,u4-c26-harikatha,Harikatha,హరికథ,direct,0,0,narrow;no_source,"One art form; fine as a tag, consider a single 'Folk performing arts' subtopic.",needs_decision
4,26,u4-c26-folk-tribal-culture,Folk and Tribal Culture,u4-c26-burrakatha,Burrakatha,బుర్రకథ,direct,0,0,narrow;no_source,See `harikatha`.,needs_decision
4,26,u4-c26-folk-tribal-culture,Folk and Tribal Culture,u4-c26-tholu-bommalata,Tholu Bommalata,తోలుబొమ్మలాట,direct,0,0,narrow;no_source,See `harikatha`.,needs_decision
4,26,u4-c26-folk-tribal-culture,Folk and Tribal Culture,u4-c26-regional-dance-performance,Regional dance and performance traditions,ప్రాంతీయ నృత్య మరియు ప్రదర్శన సంప్రదాయాలు,direct,0,0,no_source,,needs_decision
4,26,u4-c26-folk-tribal-culture,Folk and Tribal Culture,u4-c26-major-tribal-communities,Major tribal communities,ప్రధాన గిరిజన తెగలు,direct,0,2,,,proposed
4,26,u4-c26-folk-tribal-culture,Folk and Tribal Culture,u4-c26-tribal-customs-festivals,Tribal customs and festivals,గిరిజన ఆచారాలు మరియు పండుగలు,direct,0,0,no_source,,needs_decision
4,26,u4-c26-folk-tribal-culture,Folk and Tribal Culture,u4-c26-tribal-resistance,Tribal resistance (where directly relevant),గిరిజన ప్రతిఘటన (నేరుగా సంబంధించిన చోట),direct,0,2,,,proposed
4,26,u4-c26-folk-tribal-culture,Folk and Tribal Culture,u4-c26-identity-mobilisation,Role in social identity and mobilisation,సామాజిక గుర్తింపు మరియు చైతన్యంలో పాత్ర,direct,0,0,no_source,,needs_decision
4,27,u4-c27-formation-andhra-state-1953,"Formation of Andhra State, 1953",u4-c27-constitutional-political-background,Constitutional and political background,రాజ్యాంగ మరియు రాజకీయ నేపథ్యం,direct,0,0,no_source,,needs_decision
4,27,u4-c27-formation-andhra-state-1953,"Formation of Andhra State, 1953",u4-c27-dhar-commission,Dhar Commission,ధార్ కమిషన్,direct,0,0,no_source;telugu_review,,needs_decision
4,27,u4-c27-formation-andhra-state-1953,"Formation of Andhra State, 1953",u4-c27-jvp-committee,JVP Committee,జె.వి.పి. కమిటీ,direct,0,0,no_source;telugu_review,,needs_decision
4,27,u4-c27-formation-andhra-state-1953,"Formation of Andhra State, 1953",u4-c27-swami-sitaram,Swami Sitaram,స్వామి సీతారాం,direct,0,0,narrow;no_source,One person. Candidate to merge into a 'Leaders of the Andhra State agitation' subtopic.,needs_decision
4,27,u4-c27-formation-andhra-state-1953,"Formation of Andhra State, 1953",u4-c27-potti-sriramulu,Potti Sriramulu,పొట్టి శ్రీరాములు,direct,0,1,duplicate;overlap,Overlaps `fast-and-death` (his fast and death are the event). Keep either a person subtopic or the event.,needs_decision
4,27,u4-c27-formation-andhra-state-1953,"Formation of Andhra State, 1953",u4-c27-madras-question,Madras question,మద్రాసు సమస్య,direct,0,0,no_source,,needs_decision
4,27,u4-c27-formation-andhra-state-1953,"Formation of Andhra State, 1953",u4-c27-fast-and-death,Potti Sriramulu's fast and death,పొట్టి శ్రీరాములు నిరాహార దీక్ష మరియు మరణం,direct,1,0,duplicate;overlap,See `potti-sriramulu`.,needs_decision
4,27,u4-c27-formation-andhra-state-1953,"Formation of Andhra State, 1953",u4-c27-public-response,Public response,ప్రజా స్పందన,direct,0,0,no_source,,needs_decision
4,27,u4-c27-formation-andhra-state-1953,"Formation of Andhra State, 1953",u4-c27-formation-of-andhra-state,Formation of Andhra State,ఆంధ్ర రాష్ట్ర ఏర్పాటు,direct,2,0,,,proposed
4,27,u4-c27-formation-andhra-state-1953,"Formation of Andhra State, 1953",u4-c27-kurnool-capital,Kurnool as capital,కర్నూలు రాజధానిగా,direct,0,1,,,proposed
4,27,u4-c27-formation-andhra-state-1953,"Formation of Andhra State, 1953",u4-c27-tanguturi-prakasam,Tanguturi Prakasam,టంగుటూరి ప్రకాశం,direct,1,0,narrow;note_driven,One person; maps one note section.,needs_decision
4,27,u4-c27-formation-andhra-state-1953,"Formation of Andhra State, 1953",u4-c27-consequences,Consequences,పరిణామాలు,direct,0,1,,,proposed
5,28,u5-c28-visalandhra-movement-mahasabha,Visalandhra Movement and Visalandhra Mahasabha,u5-c28-visalandhra-idea,Visalandhra idea,విశాలాంధ్ర భావన,direct,0,0,no_source,,needs_decision
5,28,u5-c28-visalandhra-movement-mahasabha,Visalandhra Movement and Visalandhra Mahasabha,u5-c28-linguistic-political-arguments,Linguistic and political arguments,భాషా మరియు రాజకీయ వాదనలు,direct,0,1,overlap,Overlaps ch23 `linguistic-identity-roots`.,needs_decision
5,28,u5-c28-visalandhra-movement-mahasabha,Visalandhra Movement and Visalandhra Mahasabha,u5-c28-visalandhra-mahasabha,Visalandhra Mahasabha,విశాలాంధ్ర మహాసభ,direct,0,1,,,proposed
5,28,u5-c28-visalandhra-movement-mahasabha,Visalandhra Movement and Visalandhra Mahasabha,u5-c28-supporters-opponents,Prominent supporters and opponents,ప్రముఖ మద్దతుదారులు మరియు వ్యతిరేకులు,direct,0,1,,,proposed
5,28,u5-c28-visalandhra-movement-mahasabha,Visalandhra Movement and Visalandhra Mahasabha,u5-c28-andhra-telangana-merger-debate,Andhra–Telangana merger debate,ఆంధ్ర–తెలంగాణ విలీన చర్చ,direct,2,0,overlap,Overlaps ch29 `conditions-for-merger` and ch30 `merger-process`.,needs_decision
5,28,u5-c28-visalandhra-movement-mahasabha,Visalandhra Movement and Visalandhra Mahasabha,u5-c28-meetings-resolutions,Important meetings and resolutions,ముఖ్య సమావేశాలు మరియు తీర్మానాలు,direct,0,0,no_source,,needs_decision
5,29,u5-c29-states-reorganisation-commission,States Reorganisation Commission,u5-c29-formation-members,Formation and members,ఏర్పాటు మరియు సభ్యులు,direct,1,0,,,proposed
5,29,u5-c29-states-reorganisation-commission,States Reorganisation Commission,u5-c29-terms-of-reference,Terms of reference,విధివిధానాలు (నిబంధనలు),direct,0,1,,,proposed
5,29,u5-c29-states-reorganisation-commission,States Reorganisation Commission,u5-c29-andhra-telangana-evidence,Andhra and Telangana evidence,ఆంధ్ర మరియు తెలంగాణ సాక్ష్యాలు,direct,0,0,no_source,,needs_decision
5,29,u5-c29-states-reorganisation-commission,States Reorganisation Commission,u5-c29-recommendations,Recommendations,సిఫారసులు,direct,1,0,,,proposed
5,29,u5-c29-states-reorganisation-commission,States Reorganisation Commission,u5-c29-arguments-separate-telangana,Arguments for a separate Telangana,ప్రత్యేక తెలంగాణ కోసం వాదనలు,direct,0,0,overlap;no_source,Overlaps `andhra-telangana-evidence`.,needs_decision
5,29,u5-c29-states-reorganisation-commission,States Reorganisation Commission,u5-c29-conditions-for-merger,Conditions suggested for merger,విలీనానికి సూచించిన షరతులు,direct,0,0,overlap;no_source,See ch28 `andhra-telangana-merger-debate`.,needs_decision
5,29,u5-c29-states-reorganisation-commission,States Reorganisation Commission,u5-c29-political-responses,Political responses,రాజకీయ స్పందనలు,direct,0,0,no_source,,needs_decision
5,30,u5-c30-gentlemens-agreement-formation-ap,Gentlemen's Agreement and Formation of Andhra Pradesh,u5-c30-negotiations,Negotiations,చర్చలు,direct,0,1,overlap,"Negotiations, signatories and provisions are aspects of one document.",needs_decision
5,30,u5-c30-gentlemens-agreement-formation-ap,Gentlemen's Agreement and Formation of Andhra Pradesh,u5-c30-signatories,Signatories,సంతకందారులు,direct,0,1,overlap;narrow,Aspect of the agreement; consider a tag.,needs_decision
5,30,u5-c30-gentlemens-agreement-formation-ap,Gentlemen's Agreement and Formation of Andhra Pradesh,u5-c30-provisions,Provisions,ఒప్పంద నిబంధనలు,direct,1,0,overlap,See `negotiations`.,needs_decision
5,30,u5-c30-gentlemens-agreement-formation-ap,Gentlemen's Agreement and Formation of Andhra Pradesh,u5-c30-regional-safeguards,Regional safeguards,ప్రాంతీయ రక్షణలు,direct,1,2,overlap,Overlaps `provisions` (the safeguards are the provisions).,needs_decision
5,30,u5-c30-gentlemens-agreement-formation-ap,Gentlemen's Agreement and Formation of Andhra Pradesh,u5-c30-merger-process,Merger process,విలీన ప్రక్రియ,direct,0,0,overlap;no_source,See ch28 `andhra-telangana-merger-debate`.,needs_decision
5,30,u5-c30-gentlemens-agreement-formation-ap,Gentlemen's Agreement and Formation of Andhra Pradesh,u5-c30-formation-1-november-1956,Formation on 1 November 1956,1956 నవంబరు 1న ఏర్పాటు,direct,1,0,,,proposed
5,30,u5-c30-gentlemens-agreement-formation-ap,Gentlemen's Agreement and Formation of Andhra Pradesh,u5-c30-hyderabad-capital,Hyderabad as capital,హైదరాబాద్ రాజధానిగా,direct,0,0,no_source,,needs_decision
5,30,u5-c30-gentlemens-agreement-formation-ap,Gentlemen's Agreement and Formation of Andhra Pradesh,u5-c30-implementation-issues,Implementation issues,అమలులో సమస్యలు,direct,0,1,,,proposed
5,30,u5-c30-gentlemens-agreement-formation-ap,Gentlemen's Agreement and Formation of Andhra Pradesh,u5-c30-long-term-significance,Long-term significance,దీర్ఘకాలిక ప్రాధాన్యం,direct,0,1,,,proposed
5,31,u5-c31-social-cultural-events-1956-2014,"Important Social and Cultural Events, 1956–2014",u5-c31-official-language-telugu,Official language and Telugu development,అధికార భాష మరియు తెలుగు అభివృద్ధి,direct,0,1,overlap,Overlaps `literature` and `education-universities`.,needs_decision
5,31,u5-c31-social-cultural-events-1956-2014,"Important Social and Cultural Events, 1956–2014",u5-c31-education-universities,Education and universities,విద్య మరియు విశ్వవిద్యాలయాలు,direct,0,1,,,proposed
5,31,u5-c31-social-cultural-events-1956-2014,"Important Social and Cultural Events, 1956–2014",u5-c31-literature,Literature,సాహిత్యం,direct,0,1,,,proposed
5,31,u5-c31-social-cultural-events-1956-2014,"Important Social and Cultural Events, 1956–2014",u5-c31-theatre,Theatre,రంగస్థలం,direct,0,0,overlap;no_source,Overlaps ch21 `drama-organisations` for the pre-1956 period; the date boundary needs a rule.,needs_decision
5,31,u5-c31-social-cultural-events-1956-2014,"Important Social and Cultural Events, 1956–2014",u5-c31-cinema,Cinema,సినిమా,direct,0,1,,,proposed
5,31,u5-c31-social-cultural-events-1956-2014,"Important Social and Cultural Events, 1956–2014",u5-c31-visual-performing-arts,Visual and performing arts,చిత్ర మరియు ప్రదర్శన కళలు,direct,0,0,no_source,,needs_decision
5,31,u5-c31-social-cultural-events-1956-2014,"Important Social and Cultural Events, 1956–2014",u5-c31-cultural-institutions,Cultural institutions,సాంస్కృతిక సంస్థలు,direct,0,0,no_source,,needs_decision
5,31,u5-c31-social-cultural-events-1956-2014,"Important Social and Cultural Events, 1956–2014",u5-c31-dalit-social-movements,Dalit and social movements,దళిత మరియు సామాజిక ఉద్యమాలు,direct,0,1,,,proposed
5,31,u5-c31-social-cultural-events-1956-2014,"Important Social and Cultural Events, 1956–2014",u5-c31-womens-movements,Women's movements,మహిళా ఉద్యమాలు,direct,0,0,overlap;no_source,Overlaps ch22 for the earlier period; the date boundary needs a rule.,needs_decision
5,31,u5-c31-social-cultural-events-1956-2014,"Important Social and Cultural Events, 1956–2014",u5-c31-civil-society-movements,Civil-society movements,పౌర సమాజ ఉద్యమాలు,direct,0,0,no_source,,needs_decision
5,31,u5-c31-social-cultural-events-1956-2014,"Important Social and Cultural Events, 1956–2014",u5-c31-telangana-movement-1969,Telangana movement of 1969,1969 తెలంగాణ ఉద్యమం,direct,1,1,overlap,Subset of `regional-identity-movements`; fine if that one is made generic.,needs_decision
5,31,u5-c31-social-cultural-events-1956-2014,"Important Social and Cultural Events, 1956–2014",u5-c31-jai-andhra-1972,Jai Andhra Movement of 1972,1972 జై ఆంధ్ర ఉద్యమం,direct,1,1,overlap,See `telangana-movement-1969`.,needs_decision
5,31,u5-c31-social-cultural-events-1956-2014,"Important Social and Cultural Events, 1956–2014",u5-c31-regional-identity-movements,Regional identity movements,ప్రాంతీయ గుర్తింపు ఉద్యమాలు,direct,4,1,overlap,"Overlaps `telangana-movement-1969` and `jai-andhra-1972`, which are subsets.",needs_decision
5,31,u5-c31-social-cultural-events-1956-2014,"Important Social and Cultural Events, 1956–2014",u5-c31-cultural-developments-to-2014,Major cultural developments up to 2014,2014 వరకు ముఖ్య సాంస్కృతిక పరిణామాలు,direct,1,0,overlap;note_driven,"Catch-all that overlaps literature, theatre, cinema, visual-performing-arts.",needs_decision
