old_chapter_id,old_chapter_num,old_chapter_title,note_id,section_num,heading_en,heading_te,canonical_unit,canonical_chapter_num,canonical_chapter_slug,canonical_chapter_title_en,proposed_subtopic_slug,proposed_subtopic_en,confidence,mapping_kind,needs_review,reason,secondary_mappings
209,1,Prehistoric Cultures of AP,6854,1,Introduction,📖 1. పరిచయం,1,2,u1-c02-prehistoric-cultures,Prehistoric Cultures of Andhra,,(chapter level),high,direct,,"Study-aid section (introduction, glossary, revision, practice or summary) that covers the whole source chapter; mapped at chapter level.",
209,1,Prehistoric Cultures of AP,6855,2,Terminology Primer,📚 2. పదకోశం — ముందుగా తెలుసుకోవాల్సినవి,1,2,u1-c02-prehistoric-cultures,Prehistoric Cultures of Andhra,,(chapter level),high,direct,,"Study-aid section (introduction, glossary, revision, practice or summary) that covers the whole source chapter; mapped at chapter level.",
209,1,Prehistoric Cultures of AP,6856,3,Stone Age Periodization Framework,🪨 3. శిలాయుగ విభజన చట్రం — ఎందుకు ఎలా?,1,2,u1-c02-prehistoric-cultures,Prehistoric Cultures of Andhra,,(chapter level),high,direct,,Three-age/periodisation framework spanning all prehistoric periods.,u1-c02-tools-technology
209,1,Prehistoric Cultures of AP,6857,4,The Movius Line,🗺️ 4. మాన్యూస్ లైన్ — భారత పూర్వచరిత్రను ప్రపంచంలో అర్థం చేసుకోవడం,1,2,u1-c02-prehistoric-cultures,Prehistoric Cultures of Andhra,u1-c02-tools-technology,Tools and technologies,medium,direct,yes,Movius Line contrasts Acheulian handaxe and chopper-chopping-tool traditions (technology); also a Palaeolithic topic.,u1-c02-palaeolithic
209,1,Prehistoric Cultures of AP,6858,5,Evidence Types & Pioneer Researchers,📚 5. పూర్వచరిత్రకు ఆధారాలు & AP లో పయనీర్లు,1,2,u1-c02-prehistoric-cultures,Prehistoric Cultures of Andhra,,(chapter level),low,direct,yes,Mixes evidence types with pioneer researchers; no single subtopic fits. Ambiguous.,u1-c01-archaeological-evidence
209,1,Prehistoric Cultures of AP,6859,6,Lower Palaeolithic / Acheulian — c. 15 లక్షల ఏళ్ళ క్రితం – 1 లక్ష ఏళ్ళ క్రితం,🪨 6. దిగువ శిలాయుగం,1,2,u1-c02-prehistoric-cultures,Prehistoric Cultures of Andhra,u1-c02-palaeolithic,Palaeolithic,high,direct,,Lower Palaeolithic / Acheulian.,
209,1,Prehistoric Cultures of AP,6860,7,"Middle Palaeolithic — c. 3 లక్షల – 40,000 ఏళ్ళ క్రితం",🔧 7. మధ్య శిలాయుగం,1,2,u1-c02-prehistoric-cultures,Prehistoric Cultures of Andhra,u1-c02-palaeolithic,Palaeolithic,high,direct,,Middle Palaeolithic.,
209,1,Prehistoric Cultures of AP,6861,8,"Upper Palaeolithic — c. 40,000 – 10,000 ఏళ్ళ క్రితం; AP: 25,000–15,000 ఏళ్ళ క్రితం",🔥 8. ఉన్నత శిలాయుగం,1,2,u1-c02-prehistoric-cultures,Prehistoric Cultures of Andhra,u1-c02-palaeolithic,Palaeolithic,high,direct,,Upper Palaeolithic.,
209,1,Prehistoric Cultures of AP,6862,9,"Mesolithic Period — c. క్రీ.పూ. 10,000 – క్రీ.పూ. 4,000 / ~12,000 – 6,000 ఏళ్ళ క్రితం",🏹 9. మధ్యకాలీన యుగం,1,2,u1-c02-prehistoric-cultures,Prehistoric Cultures of Andhra,u1-c02-mesolithic,Mesolithic,high,direct,,Mesolithic period.,
209,1,Prehistoric Cultures of AP,6863,10,"Neolithic Period — c. 2,700 BCE – 1,000 BCE; Southern Neolithic Complex",🌾 10. నూతన శిలాయుగం,1,2,u1-c02-prehistoric-cultures,Prehistoric Cultures of Andhra,u1-c02-neolithic,Neolithic,high,direct,,Neolithic period and Southern Neolithic complex.,
209,1,Prehistoric Cultures of AP,6864,11,"Megalithic Culture / Iron Age — c. 1,300 BCE – 300 CE",⚰️ 11. మెగాలిథిక్ సంస్కృతి / ఇనుప యుగం,1,2,u1-c02-prehistoric-cultures,Prehistoric Cultures of Andhra,u1-c02-megalithic-iron-age,Megalithic and Iron Age cultures,high,direct,,Megalithic / Iron Age culture; burial types also appear here.,u1-c02-burial-practices
209,1,Prehistoric Cultures of AP,6865,12,District-wise summary,🗺️ 12. AP ముఖ్య ప్రాచీన స్థలాలు — జిల్లాల వారీగా,1,2,u1-c02-prehistoric-cultures,Prehistoric Cultures of Andhra,u1-c02-important-sites,Important prehistoric sites in Andhra,high,direct,,District-wise prehistoric sites table.,
209,1,Prehistoric Cultures of AP,6866,13,Key Researchers,👨‍🔬 13. AP పూర్వచరిత్రకు ముఖ్య పరిశోధకులు,1,2,u1-c02-prehistoric-cultures,Prehistoric Cultures of Andhra,,(chapter level),medium,direct,yes,Researchers of AP prehistory; no researcher subtopic exists.,
209,1,Prehistoric Cultures of AP,6867,14,"Recent Excavations & Discoveries, 2007–2026",🔬 14. ఇటీవలి తవ్వకాలు & ఆవిష్కరణలు,1,2,u1-c02-prehistoric-cultures,Prehistoric Cultures of Andhra,,(chapter level),medium,direct,yes,"Recent discoveries across several periods (e.g. Jwalapuram/Toba); multi-period, so chapter level.",u1-c02-important-sites
209,1,Prehistoric Cultures of AP,6868,15,Revision,⚡ 15. పరీక్ష Quick Facts,1,2,u1-c02-prehistoric-cultures,Prehistoric Cultures of Andhra,,(chapter level),high,direct,,"Study-aid section (introduction, glossary, revision, practice or summary) that covers the whole source chapter; mapped at chapter level.",
209,1,Prehistoric Cultures of AP,6869,16,MCQs — Practice,📝 16. అభ్యాస ప్రశ్నలు,1,2,u1-c02-prehistoric-cultures,Prehistoric Cultures of Andhra,,(chapter level),high,direct,,"Study-aid section (introduction, glossary, revision, practice or summary) that covers the whole source chapter; mapped at chapter level.",
209,1,Prehistoric Cultures of AP,6870,17,Previous Year Question Patterns — APPSC Group 1/2,📜 17. PYQ — గత పరీక్షల ప్రశ్నలు,1,2,u1-c02-prehistoric-cultures,Prehistoric Cultures of Andhra,,(chapter level),high,direct,,"Study-aid section (introduction, glossary, revision, practice or summary) that covers the whole source chapter; mapped at chapter level.",
210,2,Introduction to Andhras & Sources,6871,1,Introduction,📖 1. పరిచయం,1,1,u1-c01-region-people-sources,"Andhra Region, People and Historical Sources",,(chapter level),high,bridge,,"Study-aid section (introduction, glossary, revision, practice or summary) that covers the whole source chapter; mapped at chapter level.",
210,2,Introduction to Andhras & Sources,6872,2,Terminology Primer,📚 2. పదకోశం — ముందుగా తెలుసుకోవాల్సినవి,1,1,u1-c01-region-people-sources,"Andhra Region, People and Historical Sources",,(chapter level),high,bridge,,"Study-aid section (introduction, glossary, revision, practice or summary) that covers the whole source chapter; mapped at chapter level.",
210,2,Introduction to Andhras & Sources,6873,3,Classification of Historical Sources,🌳 3. చారిత్రక ఆధారాల వర్గీకరణ,1,1,u1-c01-region-people-sources,"Andhra Region, People and Historical Sources",,(chapter level),high,bridge,,Classification tree of all source types; framework for the chapter.,
210,2,Introduction to Andhras & Sources,6874,4,Indian Literary Sources,📜 4. భారతీయ వాజ్మయ ఆధారాలు,1,1,u1-c01-region-people-sources,"Andhra Region, People and Historical Sources",u1-c01-literary-sources,Literary sources,high,bridge,,Indian literary sources.,
210,2,Introduction to Andhras & Sources,6875,5,Foreign Accounts,🌍 5. విదేశీయుల రచనలు,1,1,u1-c01-region-people-sources,"Andhra Region, People and Historical Sources",u1-c01-foreign-accounts,Foreign accounts,high,bridge,,"Foreign accounts (Greek, Roman, Chinese).",
210,2,Introduction to Andhras & Sources,6876,6,Archaeological Sources Overview,🏛️ 6. పురావస్తు ఆధారాలు — ఉపోద్ఘాతం,1,1,u1-c01-region-people-sources,"Andhra Region, People and Historical Sources",u1-c01-archaeological-evidence,Archaeological evidence,high,bridge,,Overview of archaeological sources.,
210,2,Introduction to Andhras & Sources,6877,7,Inscriptions / Epigraphy,🗿 7. శాసనాలు,1,1,u1-c01-region-people-sources,"Andhra Region, People and Historical Sources",u1-c01-inscriptions,Inscriptions,high,bridge,,Epigraphy.,
210,2,Introduction to Andhras & Sources,6878,8,Coins / Numismatics,🪙 8. నాణేలు,1,1,u1-c01-region-people-sources,"Andhra Region, People and Historical Sources",u1-c01-coins,Coins,high,bridge,,Numismatics.,
210,2,Introduction to Andhras & Sources,6879,9,Monuments & Sculpture,"🏛️ 9. నిర్మాణాలు, శిల్పాలు",1,1,u1-c01-region-people-sources,"Andhra Region, People and Historical Sources",u1-c01-archaeological-evidence,Archaeological evidence,medium,bridge,yes,Monuments and sculpture as physical evidence.,u1-c01-important-sites
210,2,Introduction to Andhras & Sources,6880,10,The Andhras: Name & Origin,"🧬 10. ""ఆంధ్రులు"" — పేరు, మూలం",1,1,u1-c01-region-people-sources,"Andhra Region, People and Historical Sources",u1-c01-people-name-origin,Andhra people and origin of the name,high,bridge,,Name and origin of the Andhras: five theories.,
210,2,Introduction to Andhras & Sources,6881,11,Earliest References to Andhras — Chronological,🕰️ 11. ఆంధ్రుల తొలి ప్రస్తావనలు — చారిత్రక కాలరేఖ,1,1,u1-c01-region-people-sources,"Andhra Region, People and Historical Sources",u1-c01-people-name-origin,Andhra people and origin of the name,medium,bridge,yes,Chronological list of earliest references to Andhras; overlaps Chapter 3 'Early Andhra references'. Ambiguous.,u1-c03-early-andhra-references
210,2,Introduction to Andhras & Sources,6882,12,Andhra Language / Telugu Origin,🗣️ 12. ఆంధ్రభాష,1,1,u1-c01-region-people-sources,"Andhra Region, People and Historical Sources",u1-c01-telugu-identity-language,Development of Telugu identity and language,high,bridge,,Origin of Telugu / Andhra language.,
210,2,Introduction to Andhras & Sources,6883,13,Pre-Aryan Tribal Background of the Andhras,🌿 13. ఆదిమ జాతుల నేపథ్యం,1,1,u1-c01-region-people-sources,"Andhra Region, People and Historical Sources",u1-c01-people-name-origin,Andhra people and origin of the name,low,bridge,yes,"Pre-Aryan tribal background (Andhra, Pundra, Shabara); ancient ethnography, not Chapter 26's modern tribal culture. Ambiguous.",
210,2,Introduction to Andhras & Sources,6884,14,District-wise Summary,🗺️ 14. AP చారిత్రక-ఆధార స్థలాలు — జిల్లాల వారీగా,1,1,u1-c01-region-people-sources,"Andhra Region, People and Historical Sources",u1-c01-important-sites,Important historical sites,high,bridge,,District-wise historical-source sites.,
210,2,Introduction to Andhras & Sources,6885,15,"Recent Excavations & Discoveries, 2018–2026",🔬 15. ఇటీవలి తవ్వకాలు & ఆవిష్కరణలు,1,1,u1-c01-region-people-sources,"Andhra Region, People and Historical Sources",u1-c01-archaeological-evidence,Archaeological evidence,medium,bridge,yes,Recent excavations and discoveries 2018-2026.,u1-c01-important-sites
210,2,Introduction to Andhras & Sources,6886,16,Revision,⚡ 16. పరీక్ష Quick Facts,1,1,u1-c01-region-people-sources,"Andhra Region, People and Historical Sources",,(chapter level),high,bridge,,"Study-aid section (introduction, glossary, revision, practice or summary) that covers the whole source chapter; mapped at chapter level.",
210,2,Introduction to Andhras & Sources,6887,17,Previous Year Question Patterns — APPSC Group 1/2,📜 17. PYQ — గత పరీక్షల ప్రశ్నలు,1,1,u1-c01-region-people-sources,"Andhra Region, People and Historical Sources",,(chapter level),high,bridge,,"Study-aid section (introduction, glossary, revision, practice or summary) that covers the whole source chapter; mapped at chapter level.",
211,3,Pre-Satavahana Andhra,6888,1,Introduction,పరిచయం,1,3,u1-c03-pre-satavahana-andhra,Pre-Satavahana Andhra,,(chapter level),high,bridge,,"Study-aid section (introduction, glossary, revision, practice or summary) that covers the whole source chapter; mapped at chapter level.",
211,3,Pre-Satavahana Andhra,6889,2,Terminology Primer,పదకోశం,1,3,u1-c03-pre-satavahana-andhra,Pre-Satavahana Andhra,,(chapter level),high,bridge,,"Study-aid section (introduction, glossary, revision, practice or summary) that covers the whole source chapter; mapped at chapter level.",
211,3,Pre-Satavahana Andhra,6890,3,Chronological Framework,కాలక్రమం,1,3,u1-c03-pre-satavahana-andhra,Pre-Satavahana Andhra,,(chapter level),high,bridge,,Chronological framework for the whole chapter.,
211,3,Pre-Satavahana Andhra,6891,4,Andhras' identity in early literature,ఆంధ్రుల గుర్తింపు — ఆది సాహిత్యంలో,1,3,u1-c03-pre-satavahana-andhra,Pre-Satavahana Andhra,u1-c03-early-andhra-references,Early Andhra references,high,bridge,,Andhra identity in early literature.,u1-c01-people-name-origin
211,3,Pre-Satavahana Andhra,6892,5,Sources for Pre-Satavahana Andhra,ఆధారాలు,1,3,u1-c03-pre-satavahana-andhra,Pre-Satavahana Andhra,,(chapter level),medium,bridge,yes,Sources for the period; overlaps Chapter 1 sources.,u1-c01-literary-sources; u1-c01-inscriptions
211,3,Pre-Satavahana Andhra,6893,6,Assaka Mahajanapada,అస్సక మహాజనపదం,1,3,u1-c03-pre-satavahana-andhra,Pre-Satavahana Andhra,u1-c03-assaka-asmaka,Assaka / Asmaka,high,bridge,,Assaka Mahajanapada.,
211,3,Pre-Satavahana Andhra,6894,7,Mulaka Kingdom,మూలక రాజ్యం,1,3,u1-c03-pre-satavahana-andhra,Pre-Satavahana Andhra,u1-c03-assaka-asmaka,Assaka / Asmaka,medium,bridge,yes,Mulaka is paired with Assaka in the sources; no separate subtopic. Propose adding one. Ambiguous.,
211,3,Pre-Satavahana Andhra,6895,8,Mauryan Rule in Andhra,మౌర్య పాలన ఆంధ్రదేశంలో,1,3,u1-c03-pre-satavahana-andhra,Pre-Satavahana Andhra,u1-c03-nandas-mauryas,Nandas and Mauryas,high,bridge,,Mauryan rule in Andhra; Ashokan edicts are covered here.,u1-c03-ashoka-inscriptions; u1-c03-erragudi-rajulamandagiri
211,3,Pre-Satavahana Andhra,6896,9,Megasthenes' Indica on Andhras,మెగస్తనీస్ ఇండికాలో ఆంధ్రులు,1,3,u1-c03-pre-satavahana-andhra,Pre-Satavahana Andhra,u1-c03-early-andhra-references,Early Andhra references,medium,bridge,yes,Megasthenes' Indica on the Andhras; also a foreign account.,u1-c01-foreign-accounts
211,3,Pre-Satavahana Andhra,6897,10,Bhattiprolu Kuberaka Kingdom,భట్టిప్రోలు కుబేరక రాజ్యం,1,3,u1-c03-pre-satavahana-andhra,Pre-Satavahana Andhra,u1-c03-bhattiprolu,Bhattiprolu,high,bridge,,Bhattiprolu / Kuberaka kingdom.,u1-c03-early-local-rulers
211,3,Pre-Satavahana Andhra,6898,11,Post-Mauryan Transition · క్రీ.పూ. 232–200,మౌర్యానంతర పరివర్తనం,1,3,u1-c03-pre-satavahana-andhra,Pre-Satavahana Andhra,u1-c03-early-local-rulers,Early local rulers,medium,bridge,yes,"Post-Mauryan transition, c. 232-200 BCE.",u1-c03-nandas-mauryas
211,3,Pre-Satavahana Andhra,6899,12,Early Buddhist Sites in Andhra,ఆంధ్రదేశంలో ప్రాచీన బౌద్ధ స్థలాలు,1,3,u1-c03-pre-satavahana-andhra,Pre-Satavahana Andhra,u1-c03-early-buddhism,Early Buddhism,high,bridge,,Early Buddhist sites in Andhra.,u1-c03-amaravati-dhanyakataka-beginnings
211,3,Pre-Satavahana Andhra,6900,13,"Society, Economy, Religion","సమాజం, ఆర్థిక వ్యవస్థ, మతం",1,3,u1-c03-pre-satavahana-andhra,Pre-Satavahana Andhra,,(chapter level),medium,bridge,yes,"Society, economy and religion together; no matching subtopic.",
211,3,Pre-Satavahana Andhra,6901,14,AP District-wise Sites,AP జిల్లాల వారీగా శాతవాహన పూర్వ స్థలాలు,1,3,u1-c03-pre-satavahana-andhra,Pre-Satavahana Andhra,,(chapter level),high,bridge,,District-wise pre-Satavahana sites.,u1-c01-important-sites
211,3,Pre-Satavahana Andhra,6902,15,Key Historical Figures & Researchers,"ముఖ్య చారిత్రక వ్యక్తులు, పరిశోధకులు",1,3,u1-c03-pre-satavahana-andhra,Pre-Satavahana Andhra,,(chapter level),medium,bridge,yes,Historical figures and researchers.,
211,3,Pre-Satavahana Andhra,6903,16,Revision,పరీక్ష Quick Facts,1,3,u1-c03-pre-satavahana-andhra,Pre-Satavahana Andhra,,(chapter level),high,bridge,,"Study-aid section (introduction, glossary, revision, practice or summary) that covers the whole source chapter; mapped at chapter level.",
211,3,Pre-Satavahana Andhra,6904,17,Practice MCQs,అభ్యాస ప్రశ్నలు,1,3,u1-c03-pre-satavahana-andhra,Pre-Satavahana Andhra,,(chapter level),high,bridge,,"Study-aid section (introduction, glossary, revision, practice or summary) that covers the whole source chapter; mapped at chapter level.",
212,4,Overview of Andhra Dynasties,6905,1,Introduction,పరిచయం,—,—,supp-dynasties-overview,Overview of Andhra Dynasties (Reference),,(chapter level),high,cross_cutting,,"Study-aid section (introduction, glossary, revision, practice or summary) that covers the whole source chapter; mapped at chapter level.",
212,4,Overview of Andhra Dynasties,6906,2,Complete Dynasty Table,సమగ్ర రాజవంశ సారిణి — అన్నీ ఒకే చోట,—,—,supp-dynasties-overview,Overview of Andhra Dynasties (Reference),,(chapter level),high,cross_cutting,,Master table of all dynasties; cross-cutting reference.,
212,4,Overview of Andhra Dynasties,6907,3,Master Chronology Timeline,సమగ్ర కాలక్రమ చిత్రం,—,—,supp-dynasties-overview,Overview of Andhra Dynasties (Reference),,(chapter level),high,cross_cutting,,Master chronology diagram.,
212,4,Overview of Andhra Dynasties,6908,4,Dynasty Succession Tree,వంశవృక్షం — రాజవంశాల సంబంధాలు,—,—,supp-dynasties-overview,Overview of Andhra Dynasties (Reference),,(chapter level),high,cross_cutting,,Dynasty succession tree.,
212,4,Overview of Andhra Dynasties,6909,5,Capital Cities — AP Map,రాజధాని నగరాలు,—,—,supp-dynasties-overview,Overview of Andhra Dynasties (Reference),,(chapter level),high,cross_cutting,,Capital cities map; some capitals lie outside present AP.,
212,4,Overview of Andhra Dynasties,6910,6,Greatest King of Each Dynasty,ప్రతి రాజవంశంలో గొప్ప రాజు,—,—,supp-dynasties-overview,Overview of Andhra Dynasties (Reference),,(chapter level),high,cross_cutting,,Greatest king of each dynasty.,
212,4,Overview of Andhra Dynasties,6911,7,Firsts in Andhra History,ఆంధ్రప్రదేశ్‌లో ప్రథమ ఘటనలు,—,—,supp-dynasties-overview,Overview of Andhra Dynasties (Reference),,(chapter level),high,cross_cutting,,'Firsts' in Andhra history.,
212,4,Overview of Andhra Dynasties,6912,8,Religious Patronage by Dynasty,మత పోషణ — రాజవంశాల ద్వారా,—,—,supp-dynasties-overview,Overview of Andhra Dynasties (Reference),,(chapter level),medium,cross_cutting,yes,Religious patronage by dynasty across all periods; only part falls in 11th-16th c.,u2-c14-religious-movements
212,4,Overview of Andhra Dynasties,6913,9,Telugu Literature Growth Timeline,తెలుగు సాహిత్యం — విస్తరణ సూచిక,—,—,supp-dynasties-overview,Overview of Andhra Dynasties (Reference),,(chapter level),medium,cross_cutting,yes,Telugu literature growth timeline across periods.,u1-c01-telugu-identity-language; u2-c14-growth-of-telugu
212,4,Overview of Andhra Dynasties,6914,10,King Mnemonics,రాజుల జ్ఞాపక సూత్రాలు,—,—,supp-dynasties-overview,Overview of Andhra Dynasties (Reference),,(chapter level),high,cross_cutting,,King mnemonics.,
212,4,Overview of Andhra Dynasties,6915,11,Key Inscriptions Reference,ముఖ్య శాసనాలు,—,—,supp-dynasties-overview,Overview of Andhra Dynasties (Reference),,(chapter level),medium,cross_cutting,yes,Key inscriptions reference across dynasties.,u1-c01-inscriptions
212,4,Overview of Andhra Dynasties,6916,12,Complete King Lists,ప్రతి రాజవంశంలో అన్ని రాజుల పూర్తి జాబితా,—,—,supp-dynasties-overview,Overview of Andhra Dynasties (Reference),,(chapter level),high,cross_cutting,,Complete king lists.,
213,5,Satavahana Dynasty,6917,1,Introduction,పరిచయం,1,4,u1-c04-satavahanas,Satavahanas,,(chapter level),high,direct,,"Study-aid section (introduction, glossary, revision, practice or summary) that covers the whole source chapter; mapped at chapter level.",
213,5,Satavahana Dynasty,6918,2,Terminology Primer,పదకోశం,1,4,u1-c04-satavahanas,Satavahanas,,(chapter level),high,direct,,"Study-aid section (introduction, glossary, revision, practice or summary) that covers the whole source chapter; mapped at chapter level.",
213,5,Satavahana Dynasty,6919,3,Chronology of Satavahana Dynasty,కాలక్రమం,1,4,u1-c04-satavahanas,Satavahanas,u1-c04-chronology,Chronology,high,direct,,Satavahana chronology.,
213,5,Satavahana Dynasty,6920,4,The Satavahana Origin Debate,మూలోత్పత్తి చర్చ,1,4,u1-c04-satavahanas,Satavahanas,u1-c04-origin-homeland,Origin and homeland theories,high,direct,,Origin debate.,
213,5,Satavahana Dynasty,6921,5,The Capital Debate,రాజధాని చర్చ,1,4,u1-c04-satavahanas,Satavahanas,u1-c04-political-history,Political history,medium,direct,yes,The capital debate (Pratishthana / Dhanyakataka); no capital subtopic. Ambiguous.,u1-c04-origin-homeland
213,5,Satavahana Dynasty,6922,6,Sources of Satavahana History,ఆధారాలు,1,4,u1-c04-satavahanas,Satavahanas,,(chapter level),medium,direct,yes,"Sources of Satavahana history (literary, inscriptions, coins).",u1-c04-inscriptions; u1-c04-coinage
213,5,Satavahana Dynasty,6923,7,Early Satavahanas — Foundation Phase,తొలి శాతవాహనులు,1,4,u1-c04-satavahanas,Satavahanas,u1-c04-political-history,Political history,high,direct,,Foundation phase under the early Satavahanas.,u1-c04-important-rulers
213,5,Satavahana Dynasty,6924,8,Other Notable Kings,ప్రముఖ రాజులు,1,4,u1-c04-satavahanas,Satavahanas,u1-c04-important-rulers,Important rulers,high,direct,,Other notable kings.,
213,5,Satavahana Dynasty,6925,9,,గౌతమీపుత్ర శాతకర్ణి — శాతవాహన అతిగొప్ప చక్రవర్తి,1,4,u1-c04-satavahanas,Satavahanas,u1-c04-important-rulers,Important rulers,high,direct,,Gautamiputra Satakarni.,u1-c04-political-history
213,5,Satavahana Dynasty,6926,10,Key Satavahana Inscriptions,ముఖ్య శాసనాలు,1,4,u1-c04-satavahanas,Satavahanas,u1-c04-inscriptions,Inscriptions,high,direct,,Key Satavahana inscriptions.,
213,5,Satavahana Dynasty,6927,11,Empire's Territorial Extent,సామ్రాజ్య విస్తరణ,1,4,u1-c04-satavahanas,Satavahanas,u1-c04-political-history,Political history,high,direct,,Territorial extent of the empire.,
213,5,Satavahana Dynasty,6928,12,Satavahana Coinage,నాణేలు,1,4,u1-c04-satavahanas,Satavahanas,u1-c04-coinage,Coinage,high,direct,,Satavahana coinage.,
213,5,Satavahana Dynasty,6929,13,Society + Economy,సమాజం + ఆర్థిక వ్యవస్థ,1,4,u1-c04-satavahanas,Satavahanas,u1-c04-society,Society,medium,direct,yes,Society and economy in one section; should be split at content level. Ambiguous.,u1-c04-economy-trade
213,5,Satavahana Dynasty,6930,14,Religion under Satavahanas,మతం,1,4,u1-c04-satavahanas,Satavahanas,u1-c04-religion,Religion,high,direct,,Religion under the Satavahanas.,
213,5,Satavahana Dynasty,6931,15,Art + Literature,కళ + సాహిత్యం,1,4,u1-c04-satavahanas,Satavahanas,u1-c04-art-architecture,Amaravati art and architecture,medium,direct,yes,Art and literature in one section; should be split. Ambiguous.,u1-c04-literature
213,5,Satavahana Dynasty,6932,16,,AP జిల్లాల వారీగా శాతవాహన స్థలాలు,1,4,u1-c04-satavahanas,Satavahanas,,(chapter level),high,direct,,District-wise Satavahana sites.,u1-c01-important-sites
213,5,Satavahana Dynasty,6933,17,Key Historical Figures & Researchers,ముఖ్య వ్యక్తులు,1,4,u1-c04-satavahanas,Satavahanas,,(chapter level),medium,direct,yes,Key figures and researchers.,
213,5,Satavahana Dynasty,6934,18,Revision,పరీక్ష Quick Facts,1,4,u1-c04-satavahanas,Satavahanas,,(chapter level),high,direct,,"Study-aid section (introduction, glossary, revision, practice or summary) that covers the whole source chapter; mapped at chapter level.",
213,5,Satavahana Dynasty,6935,19,Practice MCQs,అభ్యాస ప్రశ్నలు,1,4,u1-c04-satavahanas,Satavahanas,,(chapter level),high,direct,,"Study-aid section (introduction, glossary, revision, practice or summary) that covers the whole source chapter; mapped at chapter level.",
214,6,Ikshvakus (Vijayapuri),6936,1,Introduction,పరిచయం,1,5,u1-c05-ikshvakus,Ikshvakus,,(chapter level),high,direct,,"Study-aid section (introduction, glossary, revision, practice or summary) that covers the whole source chapter; mapped at chapter level.",
214,6,Ikshvakus (Vijayapuri),6937,2,Glossary,పదకోశం,1,5,u1-c05-ikshvakus,Ikshvakus,,(chapter level),high,direct,,"Study-aid section (introduction, glossary, revision, practice or summary) that covers the whole source chapter; mapped at chapter level.",
214,6,Ikshvakus (Vijayapuri),6938,3,Origins,వంశ మూలాలు — సూర్యవంశీయ ఇక్ష్వాకుల వాదన,1,5,u1-c05-ikshvakus,Ikshvakus,u1-c05-origin-chronology,Origin and chronology,high,direct,,Origins; Suryavamsha claim.,
214,6,Ikshvakus (Vijayapuri),6939,4,Capital — Vijayapuri / Nagarjunakonda,రాజధాని విజయపురి,1,5,u1-c05-ikshvakus,Ikshvakus,u1-c05-vijayapuri-nagarjunakonda,Vijayapuri and Nagarjunakonda,high,direct,,Capital Vijayapuri.,
214,6,Ikshvakus (Vijayapuri),6940,5,Historical Sources,చారిత్రక ఆధారాలు,1,5,u1-c05-ikshvakus,Ikshvakus,,(chapter level),medium,direct,yes,Historical sources of the Ikshvakus.,u1-c05-inscriptions
214,6,Ikshvakus (Vijayapuri),6941,6,The Four Kings,రాజవంశం — నలుగురు రాజులు,1,5,u1-c05-ikshvakus,Ikshvakus,u1-c05-important-rulers,Important rulers,high,direct,,The four kings.,
214,6,Ikshvakus (Vijayapuri),6942,7,"Founder, c. 227-250 CE",వాశిష్ఠీపుత్ర సిరి చామ్తముల I — స్థాపకుడు,1,5,u1-c05-ikshvakus,Ikshvakus,u1-c05-important-rulers,Important rulers,high,direct,,"Founder, Chamtamula I.",u1-c05-origin-chronology
214,6,Ikshvakus (Vijayapuri),6943,8,"Greatest King, c. 250-274 CE",మాతరీపుత్ర వీరపురుషదత్త — గొప్ప రాజు,1,5,u1-c05-ikshvakus,Ikshvakus,u1-c05-important-rulers,Important rulers,high,direct,,"Greatest king, Virapurushadatta.",
214,6,Ikshvakus (Vijayapuri),6944,9,"Temple Builder, c. 274-297 CE",వాశిష్ఠీపుత్ర ఎహువుల చామ్తముల II — దేవాలయ నిర్మాత,1,5,u1-c05-ikshvakus,Ikshvakus,u1-c05-important-rulers,Important rulers,high,direct,,"Ehuvula Chamtamula II, temple builder.",u1-c05-brahmanism
214,6,Ikshvakus (Vijayapuri),6945,10,"Last King, c. 297-309 CE",వాశిష్ఠీపుత్ర రుద్రపురుషదత్త — చివరి రాజు,1,5,u1-c05-ikshvakus,Ikshvakus,u1-c05-important-rulers,Important rulers,high,direct,,"Last king, Rudrapurushadatta.",u1-c05-decline
214,6,Ikshvakus (Vijayapuri),6946,11,Inscriptions,శాసనాలు,1,5,u1-c05-ikshvakus,Ikshvakus,u1-c05-inscriptions,Inscriptions,high,direct,,Ikshvaku inscriptions.,
214,6,Ikshvakus (Vijayapuri),6947,12,The Queens — Buddhist Patrons,రాణుల పాత్ర — బౌద్ధ పోషకులు,1,5,u1-c05-ikshvakus,Ikshvakus,u1-c05-royal-women,Royal women,high,direct,,Queens as Buddhist patrons.,u1-c05-buddhism
214,6,Ikshvakus (Vijayapuri),6948,13,Administration,పరిపాలన,1,5,u1-c05-ikshvakus,Ikshvakus,u1-c05-administration,Administration,high,direct,,Administration.,
214,6,Ikshvakus (Vijayapuri),6949,14,Society & Economy,సాంఘిక-ఆర్థిక జీవితం,1,5,u1-c05-ikshvakus,Ikshvakus,u1-c05-socio-economic-conditions,Socio-economic conditions,high,direct,,Society and economy.,
214,6,Ikshvakus (Vijayapuri),6950,15,Religion — The Dual Structure,మతం — ద్వంద్వ నిర్మాణం,1,5,u1-c05-ikshvakus,Ikshvakus,u1-c05-buddhism,Buddhism,medium,direct,yes,Dual Buddhist/Brahmanical religious structure in one section. Ambiguous.,u1-c05-brahmanism
214,6,Ikshvakus (Vijayapuri),6951,16,Vijayapuri City Plan,విజయపురి నగర నిర్మాణం,1,5,u1-c05-ikshvakus,Ikshvakus,u1-c05-vijayapuri-nagarjunakonda,Vijayapuri and Nagarjunakonda,high,direct,,Vijayapuri city plan.,
214,6,Ikshvakus (Vijayapuri),6952,17,The Great Stupa,మహాచైత్యం — నాగార్జునకొండ,1,5,u1-c05-ikshvakus,Ikshvakus,u1-c05-art-architecture,Art and architecture,medium,direct,yes,The Great Stupa (Mahachaitya) at Nagarjunakonda.,u1-c05-vijayapuri-nagarjunakonda; u1-c05-buddhism
214,6,Ikshvakus (Vijayapuri),6953,18,Ikshvaku Art,"ఇక్ష్వాకు కళ — ""Later Amaravati"" శైలి",1,5,u1-c05-ikshvakus,Ikshvakus,u1-c05-art-architecture,Art and architecture,high,direct,,"Ikshvaku art, 'Later Amaravati' style.",
214,6,Ikshvakus (Vijayapuri),6954,19,Ikshvaku Sites in AP,AP లో ఇక్ష్వాకు స్థలాలు,1,5,u1-c05-ikshvakus,Ikshvakus,,(chapter level),high,direct,,Ikshvaku sites in AP.,u1-c01-important-sites
214,6,Ikshvakus (Vijayapuri),6955,20,Decline & Successors,పతనం & వారసులు,1,5,u1-c05-ikshvakus,Ikshvakus,u1-c05-decline,Decline,high,direct,,Decline and successors.,
214,6,Ikshvakus (Vijayapuri),6956,21,Summary & Exam Tips,సారాంశం & పరీక్షా టిప్స్,1,5,u1-c05-ikshvakus,Ikshvakus,,(chapter level),high,direct,,"Study-aid section (introduction, glossary, revision, practice or summary) that covers the whole source chapter; mapped at chapter level.",
215,7,Minor Dynasties of AP,6957,1,Introduction — Why a Three-Dynasty Chapter,పరిచయం,1,6,u1-c06-post-ikshvaku-minor-dynasties,Post-Ikshvaku Minor Dynasties,,(chapter level),high,bridge,,"Study-aid section (introduction, glossary, revision, practice or summary) that covers the whole source chapter; mapped at chapter level.",
215,7,Minor Dynasties of AP,6958,2,Glossary,పదకోశం,1,6,u1-c06-post-ikshvaku-minor-dynasties,Post-Ikshvaku Minor Dynasties,,(chapter level),high,bridge,,"Study-aid section (introduction, glossary, revision, practice or summary) that covers the whole source chapter; mapped at chapter level.",
215,7,Minor Dynasties of AP,6959,3,Master Comparative Overview,3 వంశాల తులనా — మాస్టర్ ఓవర్‌వ్యూ,1,6,u1-c06-post-ikshvaku-minor-dynasties,Post-Ikshvaku Minor Dynasties,,(chapter level),high,bridge,,Comparative overview of the three dynasties.,
215,7,Minor Dynasties of AP,6960,4,"Brihatphalayanas — Single-King Dynasty, c. 270-300 CE",బృహత్‌ఫలాయన వంశం — జయవర్మ ఒక్కడే రాజు,1,6,u1-c06-post-ikshvaku-minor-dynasties,Post-Ikshvaku Minor Dynasties,u1-c06-brihatphalayanas,Brihatphalayanas,high,bridge,,Brihatphalayanas.,
215,7,Minor Dynasties of AP,6961,5,"Anandagotras — Saiva-Buddhist Dual, c. 335-425 CE; Wikipedia",ఆనందగోత్ర వంశం — శైవ + బౌద్ధ ద్వంద్వ,1,6,u1-c06-post-ikshvaku-minor-dynasties,Post-Ikshvaku Minor Dynasties,u1-c06-ananda-gotrikas,Ananda Gotrikas,high,bridge,,Anandagotras.,
215,7,Minor Dynasties of AP,6962,6,Chejarla Kapoteshvara — Apsidal Temple,చేజర్ల కపోతేశ్వర దేవాలయం — అపదాకార నిర్మాణం,1,6,u1-c06-post-ikshvaku-minor-dynasties,Post-Ikshvaku Minor Dynasties,u1-c06-art-architecture,Art and architecture,medium,bridge,yes,"Chejarla Kapoteshvara apsidal temple, discussed under the Ananda Gotra.",u1-c06-ananda-gotrikas
215,7,Minor Dynasties of AP,6963,7,Salankayanas — Intro & Founder,శాలంకాయన వంశం — పరిచయం & విజయదేవవర్మ,1,6,u1-c06-post-ikshvaku-minor-dynasties,Post-Ikshvaku Minor Dynasties,u1-c06-salankayanas,Salankayanas,high,bridge,,Salankayanas: introduction and founder.,
215,7,Minor Dynasties of AP,6964,8,Hastivarman vs Samudragupta,హస్తివర్మ vs సముద్రగుప్తుడు — అలహాబాద్ స్తంభ శాసనం,1,6,u1-c06-post-ikshvaku-minor-dynasties,Post-Ikshvaku Minor Dynasties,u1-c06-salankayanas,Salankayanas,high,bridge,,Hastivarman and Samudragupta's southern campaign (Allahabad pillar).,u1-c06-political-conditions
215,7,Minor Dynasties of AP,6965,9,Later Salankayana Kings,తరువాతి శాలంకాయన రాజులు,1,6,u1-c06-post-ikshvaku-minor-dynasties,Post-Ikshvaku Minor Dynasties,u1-c06-salankayanas,Salankayanas,high,bridge,,Later Salankayana kings.,
215,7,Minor Dynasties of AP,6966,10,Vengi / Pedavegi — 700-Year Capital,వెంగి (పెదవేగి) — 700 ఏళ్ళ రాజధాని,1,6,u1-c06-post-ikshvaku-minor-dynasties,Post-Ikshvaku Minor Dynasties,u1-c06-salankayanas,Salankayanas,medium,bridge,yes,Vengi (Pedavegi) as Salankayana capital; name overlaps the Eastern Chalukya Vengi of Chapter 8.,u1-c08-vengi-foundation
215,7,Minor Dynasties of AP,6967,11,Religion — Saiva → Vaishnava,శాలంకాయన మతం — శైవ → వైష్ణవ,1,6,u1-c06-post-ikshvaku-minor-dynasties,Post-Ikshvaku Minor Dynasties,u1-c06-religion,Religion,high,bridge,,"Salankayana religion, Shaiva to Vaishnava.",
215,7,Minor Dynasties of AP,6968,12,Bull Seal + Tutelary Vishnu,శాలంకాయన చిహ్నం + చిత్రరథస్వామిన్,1,6,u1-c06-post-ikshvaku-minor-dynasties,Post-Ikshvaku Minor Dynasties,u1-c06-religion,Religion,medium,bridge,yes,Bull seal and tutelary deity Chitrarathasvamin; religion and emblem together.,u1-c06-salankayanas
215,7,Minor Dynasties of AP,6969,13,Prakrit → Sanskrit Transition,ప్రాకృతం → సంస్కృతం — భాషా పరివర్తనం,1,6,u1-c06-post-ikshvaku-minor-dynasties,Post-Ikshvaku Minor Dynasties,u1-c06-inscriptions,Inscriptions,medium,bridge,yes,Prakrit-to-Sanskrit language shift traced through copper plates.,u1-c07-sanskrit-telugu-development
215,7,Minor Dynasties of AP,6970,14,Religious Transformation,బౌద్ధం → బ్రాహ్మణత్వం — మత పరివర్తనం,1,6,u1-c06-post-ikshvaku-minor-dynasties,Post-Ikshvaku Minor Dynasties,u1-c06-religion,Religion,high,bridge,,Buddhism to Brahmanism transformation.,
215,7,Minor Dynasties of AP,6971,15,AP Sites Map,AP లో 3 వంశ స్థలాల పటం,1,6,u1-c06-post-ikshvaku-minor-dynasties,Post-Ikshvaku Minor Dynasties,,(chapter level),high,bridge,,Sites map of the three dynasties.,u1-c01-important-sites
215,7,Minor Dynasties of AP,6972,16,Bridge to Vishnukundins,విష్ణుకుండినులకు దారి,1,6,u1-c06-post-ikshvaku-minor-dynasties,Post-Ikshvaku Minor Dynasties,u1-c06-political-conditions,Political conditions,medium,bridge,yes,Bridge to the Vishnukundins: fate of each dynasty.,u1-c07-origin-chronology
215,7,Minor Dynasties of AP,6973,17,Summary & Exam Tips,సారాంశం & పరీక్షా టిప్స్,1,6,u1-c06-post-ikshvaku-minor-dynasties,Post-Ikshvaku Minor Dynasties,,(chapter level),high,bridge,,"Study-aid section (introduction, glossary, revision, practice or summary) that covers the whole source chapter; mapped at chapter level.",
216,8,Vishnukundin Dynasty,6974,1,Introduction,పరిచయం,1,7,u1-c07-vishnukundins,Vishnukundins,,(chapter level),high,direct,,"Study-aid section (introduction, glossary, revision, practice or summary) that covers the whole source chapter; mapped at chapter level.",
216,8,Vishnukundin Dynasty,6975,2,Glossary,పదకోశం,1,7,u1-c07-vishnukundins,Vishnukundins,,(chapter level),high,direct,,"Study-aid section (introduction, glossary, revision, practice or summary) that covers the whole source chapter; mapped at chapter level.",
216,8,Vishnukundin Dynasty,6976,3,Origin & Name,వంశ ఉత్పత్తి & పేరు,1,7,u1-c07-vishnukundins,Vishnukundins,u1-c07-origin-chronology,Origin and chronology,high,direct,,Origin and name.,
216,8,Vishnukundin Dynasty,6977,4,Four Capitals — older textbooks cite only three,నాలుగు రాజధానులు,1,7,u1-c07-vishnukundins,Vishnukundins,u1-c07-political-expansion,Political expansion,medium,direct,yes,Four capitals; no capitals subtopic. Ambiguous.,u1-c07-origin-chronology
216,8,Vishnukundin Dynasty,6978,5,Historical Sources,చారిత్రక ఆధారాలు,1,7,u1-c07-vishnukundins,Vishnukundins,,(chapter level),medium,direct,yes,Historical sources.,u1-c07-inscriptions
216,8,Vishnukundin Dynasty,6979,6,Dynasty Chronology,రాజవంశం — క్రోనాలజీ,1,7,u1-c07-vishnukundins,Vishnukundins,u1-c07-origin-chronology,Origin and chronology,high,direct,,Dynasty chronology.,
216,8,Vishnukundin Dynasty,6980,7,Early Kings,మాధవవర్మ I + గోవిందవర్మ I,1,7,u1-c07-vishnukundins,Vishnukundins,u1-c07-important-rulers,Important rulers,high,direct,,Early kings Madhavavarman I and Govindavarman I.,
216,8,Vishnukundin Dynasty,6981,8,The Great King — 11 Ashvamedhas,మాధవవర్మ II — గొప్ప రాజు,1,7,u1-c07-vishnukundins,Vishnukundins,u1-c07-important-rulers,Important rulers,high,direct,,"Madhavavarman II, eleven Ashvamedhas.",u1-c07-political-expansion
216,8,Vishnukundin Dynasty,6982,9,Madhava-Vakataka Marriage Alliance,వాకాటక వివాహ సంబంధం,1,7,u1-c07-vishnukundins,Vishnukundins,u1-c07-political-expansion,Political expansion,medium,direct,yes,Vakataka marriage alliance.,u1-c07-important-rulers
216,8,Vishnukundin Dynasty,6983,10,Later Kings,తరువాతి రాజులు,1,7,u1-c07-vishnukundins,Vishnukundins,u1-c07-important-rulers,Important rulers,high,direct,,Later kings.,
216,8,Vishnukundin Dynasty,6984,11,Religion,మతం,1,7,u1-c07-vishnukundins,Vishnukundins,u1-c07-religion,Religion,high,direct,,Religion.,
216,8,Vishnukundin Dynasty,6985,12,Tummalagudem Plates,తుమ్మలగూడెం రాగి-రేకులు,1,7,u1-c07-vishnukundins,Vishnukundins,u1-c07-inscriptions,Inscriptions,high,direct,,Tummalagudem plates.,
216,8,Vishnukundin Dynasty,6986,13,Chikkulla + Polamuru Plates,చిక్కుళ్ల + పోలమూరు రాగి-రేకులు,1,7,u1-c07-vishnukundins,Vishnukundins,u1-c07-inscriptions,Inscriptions,high,direct,,Chikkulla and Polamuru plates.,
216,8,Vishnukundin Dynasty,6987,14,Undavalli Caves,ఉండవల్లి గుహలు — అనంతశయన విష్ణు,1,7,u1-c07-vishnukundins,Vishnukundins,u1-c07-cave-temple-architecture,Cave and temple architecture,high,direct,,Undavalli caves.,
216,8,Vishnukundin Dynasty,6988,15,Other Caves,మొగల్రాజపురం + భైరవకొండ గుహలు,1,7,u1-c07-vishnukundins,Vishnukundins,u1-c07-cave-temple-architecture,Cave and temple architecture,high,direct,,Mogalrajapuram and Bhairavakonda caves.,
216,8,Vishnukundin Dynasty,6989,16,Literature,సాహిత్యం + జనాశ్రయీ ఛందోవిచితి,1,7,u1-c07-vishnukundins,Vishnukundins,u1-c07-sanskrit-telugu-development,Sanskrit and Telugu development,high,direct,,Literature; Janashrayi Chandovichiti.,
216,8,Vishnukundin Dynasty,6990,17,Coinage + Lion Emblem,నాణేలు + సింహ చిహ్నం,1,7,u1-c07-vishnukundins,Vishnukundins,u1-c07-coins,Coins,high,direct,,Coinage and lion emblem.,
216,8,Vishnukundin Dynasty,6991,18,AP Sites Map,AP లో విష్ణుకుండిన స్థలాలు,1,7,u1-c07-vishnukundins,Vishnukundins,,(chapter level),high,direct,,Vishnukundin sites in AP.,u1-c01-important-sites
216,8,Vishnukundin Dynasty,6992,19,Chalukya Conquest & Decline,చాళుక్య ఆక్రమణ & పతనం,1,7,u1-c07-vishnukundins,Vishnukundins,u1-c07-decline,Decline,high,direct,,Chalukya conquest and decline.,
216,8,Vishnukundin Dynasty,6993,20,Bridge to Eastern Chalukyas,తూర్పు చాళుక్యులకు దారి,1,7,u1-c07-vishnukundins,Vishnukundins,u1-c07-decline,Decline,medium,direct,yes,Bridge to the Eastern Chalukyas.,u1-c08-vengi-foundation
216,8,Vishnukundin Dynasty,6994,21,Summary & Exam Tips,సారాంశం & పరీక్షా టిప్స్,1,7,u1-c07-vishnukundins,Vishnukundins,,(chapter level),high,direct,,"Study-aid section (introduction, glossary, revision, practice or summary) that covers the whole source chapter; mapped at chapter level.",
217,9,Eastern Chalukyas (Vengi),6995,1,Introduction,పరిచయం,1,8,u1-c08-eastern-chalukyas-andhra-cholas,Eastern Chalukyas of Vengi and Andhra Cholas,,(chapter level),high,direct,,"Study-aid section (introduction, glossary, revision, practice or summary) that covers the whole source chapter; mapped at chapter level.",
217,9,Eastern Chalukyas (Vengi),6996,2,Glossary,పదకోశం,1,8,u1-c08-eastern-chalukyas-andhra-cholas,Eastern Chalukyas of Vengi and Andhra Cholas,,(chapter level),high,direct,,"Study-aid section (introduction, glossary, revision, practice or summary) that covers the whole source chapter; mapped at chapter level.",
217,9,Eastern Chalukyas (Vengi),6997,3,Founding — Why 624?,వంశ స్థాపన,1,8,u1-c08-eastern-chalukyas-andhra-cholas,Eastern Chalukyas of Vengi and Andhra Cholas,u1-c08-vengi-foundation,Foundation of the Vengi kingdom,high,direct,,Founding of the dynasty; why 624.,
217,9,Eastern Chalukyas (Vengi),6998,4,Three Capitals,మూడు రాజధానులు,1,8,u1-c08-eastern-chalukyas-andhra-cholas,Eastern Chalukyas of Vengi and Andhra Cholas,u1-c08-vengi-foundation,Foundation of the Vengi kingdom,medium,direct,yes,Three capitals; no capitals subtopic.,
217,9,Eastern Chalukyas (Vengi),6999,5,Historical Sources,చారిత్రక ఆధారాలు,1,8,u1-c08-eastern-chalukyas-andhra-cholas,Eastern Chalukyas of Vengi and Andhra Cholas,,(chapter level),medium,direct,yes,Historical sources.,u1-c08-inscriptions
217,9,Eastern Chalukyas (Vengi),7000,6,"Dynasty: 30 Kings, 500 Years","రాజవంశం — 30 రాజులు, 500 ఏళ్ళు",1,8,u1-c08-eastern-chalukyas-andhra-cholas,Eastern Chalukyas of Vengi and Andhra Cholas,u1-c08-political-chronology,Political chronology,high,direct,,30 kings over 500 years.,
217,9,Eastern Chalukyas (Vengi),7001,7,"Kubja Vishnuvardhana, 624-641 CE",కుబ్జ విష్ణువర్ధన — స్థాపకుడు,1,8,u1-c08-eastern-chalukyas-andhra-cholas,Eastern Chalukyas of Vengi and Andhra Cholas,u1-c08-important-rulers,Important rulers,high,direct,,Kubja Vishnuvardhana.,u1-c08-vengi-foundation
217,9,Eastern Chalukyas (Vengi),7002,8,"Vijayaditya II, 808-847 — ""108 Battles""",విజయాదిత్య II — నరేంద్ర మృగరాజు,1,8,u1-c08-eastern-chalukyas-andhra-cholas,Eastern Chalukyas of Vengi and Andhra Cholas,u1-c08-important-rulers,Important rulers,high,direct,,Vijayaditya II.,
217,9,Eastern Chalukyas (Vengi),7003,9,"Gunaga Vijayaditya III, 849-892 — Greatest Extent",గుణగ విజయాదిత్య III,1,8,u1-c08-eastern-chalukyas-andhra-cholas,Eastern Chalukyas of Vengi and Andhra Cholas,u1-c08-important-rulers,Important rulers,high,direct,,Gunaga Vijayaditya III.,
217,9,Eastern Chalukyas (Vengi),7004,10,"Chalukya Bhima I, 892-921 — Pancharama Builder",చాళుక్య భీమ I — పంచారామ నిర్మాత,1,8,u1-c08-eastern-chalukyas-andhra-cholas,Eastern Chalukyas of Vengi and Andhra Cholas,u1-c08-important-rulers,Important rulers,high,direct,,"Chalukya Bhima I, Pancharama builder.",u1-c08-temples-pancharamas
217,9,Eastern Chalukyas (Vengi),7005,11,"Amma II, 947-970 — Copper-Plate Patron",అమ్మ II — శాసన చక్రవర్తి,1,8,u1-c08-eastern-chalukyas-andhra-cholas,Eastern Chalukyas of Vengi and Andhra Cholas,u1-c08-important-rulers,Important rulers,high,direct,,Amma II.,
217,9,Eastern Chalukyas (Vengi),7006,12,"Vimaladitya, 1011-1018 — Jain Patron",విమలాదిత్య — జైన పోషకుడు,1,8,u1-c08-eastern-chalukyas-andhra-cholas,Eastern Chalukyas of Vengi and Andhra Cholas,u1-c08-important-rulers,Important rulers,high,direct,,"Vimaladitya, Jain patron.",u1-c08-religion
217,9,Eastern Chalukyas (Vengi),7007,13,"Rajaraja Narendra, 1022-1061 CE",రాజరాజ నరేంద్ర — నన్నయ్య పోషకుడు,1,8,u1-c08-eastern-chalukyas-andhra-cholas,Eastern Chalukyas of Vengi and Andhra Cholas,u1-c08-important-rulers,Important rulers,high,direct,,Rajaraja Narendra.,u1-c08-telugu-nannaya-literature
217,9,Eastern Chalukyas (Vengi),7008,14,Nannayya — Birth of Telugu Literature,నన్నయ్య + ఆంధ్ర మహాభారతం — తెలుగు సాహిత్య ఆరంభం,1,8,u1-c08-eastern-chalukyas-andhra-cholas,Eastern Chalukyas of Vengi and Andhra Cholas,u1-c08-telugu-nannaya-literature,Growth of Telugu; Nannaya and early Telugu literature,high,direct,,Nannaya and the Andhra Mahabharatam.,u1-c01-telugu-identity-language
217,9,Eastern Chalukyas (Vengi),7009,15,Pancharama Kshetras — 5 Shiva Temples,పంచారామ క్షేత్రాలు,1,8,u1-c08-eastern-chalukyas-andhra-cholas,Eastern Chalukyas of Vengi and Andhra Cholas,u1-c08-temples-pancharamas,Temples and Pancharamas,high,direct,,Pancharama kshetras.,
217,9,Eastern Chalukyas (Vengi),7010,16,Art & Architecture,తూర్పు చాళుక్య కళ + వాస్తుశిల్పం,1,8,u1-c08-eastern-chalukyas-andhra-cholas,Eastern Chalukyas of Vengi and Andhra Cholas,u1-c08-temples-pancharamas,Temples and Pancharamas,medium,direct,yes,General art and architecture; the chapter has no general art subtopic. Propose adding one.,
217,9,Eastern Chalukyas (Vengi),7011,17,Religion & Administration,మతం + పరిపాలన,1,8,u1-c08-eastern-chalukyas-andhra-cholas,Eastern Chalukyas of Vengi and Andhra Cholas,u1-c08-religion,Religion,medium,direct,yes,Religion and administration in one section. Ambiguous.,u1-c08-administration
217,9,Eastern Chalukyas (Vengi),7012,18,AP Sites Map,AP లో తూర్పు చాళుక్య స్థలాలు,1,8,u1-c08-eastern-chalukyas-andhra-cholas,Eastern Chalukyas of Vengi and Andhra Cholas,,(chapter level),high,direct,,Eastern Chalukya sites.,u1-c01-important-sites
217,9,Eastern Chalukyas (Vengi),7013,19,Kulottunga I — Chola Merger,కులోత్తుంగ I — చోళ ఏకీకరణ,1,8,u1-c08-eastern-chalukyas-andhra-cholas,Eastern Chalukyas of Vengi and Andhra Cholas,u1-c08-chola-chalukya-relations,Chola–Chalukya relations and the Chalukya-Chola period,high,direct,,Kulottunga I and the Chola merger.,
217,9,Eastern Chalukyas (Vengi),7014,20,End & Successors,వంశ ముగింపు + వారసులు,1,8,u1-c08-eastern-chalukyas-andhra-cholas,Eastern Chalukyas of Vengi and Andhra Cholas,u1-c08-decline-transition,Decline and transition,high,direct,,End of the dynasty; Velanati Chodas rise in the last phase.,u1-c08-velanati-chodas
217,9,Eastern Chalukyas (Vengi),7015,21,Summary & Exam Tips,సారాంశం & పరీక్షా టిప్స్,1,8,u1-c08-eastern-chalukyas-andhra-cholas,Eastern Chalukyas of Vengi and Andhra Cholas,,(chapter level),high,direct,,"Study-aid section (introduction, glossary, revision, practice or summary) that covers the whole source chapter; mapped at chapter level.",
218,10,Kakatiyas (Warangal),7016,1,Introduction,పరిచయం,2,9,u2-c09-kakatiyas,Kakatiyas,,(chapter level),high,direct,,"Study-aid section (introduction, glossary, revision, practice or summary) that covers the whole source chapter; mapped at chapter level.",
218,10,Kakatiyas (Warangal),7017,2,Glossary,పదకోశం,2,9,u2-c09-kakatiyas,Kakatiyas,,(chapter level),high,direct,,"Study-aid section (introduction, glossary, revision, practice or summary) that covers the whole source chapter; mapped at chapter level.",
218,10,Kakatiyas (Warangal),7018,3,Origins & Founding,మూలాలు + వంశ స్థాపన,2,9,u2-c09-kakatiyas,Kakatiyas,u2-c09-origin-early-rulers,Origin and early rulers,high,direct,,Origins and founding.,
218,10,Kakatiyas (Warangal),7019,4,The Three Capitals,మూడు రాజధానులు,2,9,u2-c09-kakatiyas,Kakatiyas,u2-c09-political-expansion,Political expansion,medium,direct,yes,Three capitals; no capitals subtopic.,
218,10,Kakatiyas (Warangal),7020,5,Historical Sources,చారిత్రక ఆధారాలు,2,9,u2-c09-kakatiyas,Kakatiyas,,(chapter level),medium,direct,yes,Historical sources.,
218,10,Kakatiyas (Warangal),7021,6,Dynasty List — The 5 Sovereigns,రాజవంశం — 5 సార్వభౌముల పట్టిక,2,9,u2-c09-kakatiyas,Kakatiyas,,(chapter level),high,direct,,Table of the five sovereigns; whole-dynasty overview.,
218,10,Kakatiyas (Warangal),7022,7,Pratapa Rudra I,రుద్రదేవుడు — క్రీ.శ. సుమారు 1158-1195,2,9,u2-c09-kakatiyas,Kakatiyas,u2-c09-rudradeva,Rudradeva,high,direct,,Rudradeva (Prataparudra I).,
218,10,Kakatiyas (Warangal),7023,8,"Mahadeva, 1195–1199 CE",మహాదేవుడు — అర్ధాంతరంగా అంతమైన రాజు,2,9,u2-c09-kakatiyas,Kakatiyas,u2-c09-mahadeva,Mahadeva,high,direct,,Mahadeva.,
218,10,Kakatiyas (Warangal),7024,9,"Ganapati Deva, 1199–1262 CE",గణపతిదేవుడు — 63 ఏళ్ళ చక్రవర్తి,2,9,u2-c09-kakatiyas,Kakatiyas,u2-c09-ganapatideva,Ganapatideva,high,direct,,Ganapati Deva.,
218,10,Kakatiyas (Warangal),7025,10,"Rudrama Devi, 1262–1289 CE",రుద్రమదేవి — ఏకైక మహిళా సార్వభౌమి,2,9,u2-c09-kakatiyas,Kakatiyas,u2-c09-rudramadevi,Rudramadevi,high,direct,,Rudrama Devi.,
218,10,Kakatiyas (Warangal),7026,11,"Prataparudra II, 1289–1323 CE",ప్రతాపరుద్ర II — చివరి చక్రవర్తి,2,9,u2-c09-kakatiyas,Kakatiyas,u2-c09-prataparudra,Prataparudra,high,direct,,Prataparudra II.,u2-c09-delhi-sultanate-invasions
218,10,Kakatiyas (Warangal),7027,12,"Thousand Pillar Temple, Hanamkonda — 1163 CE",వేయిస్థంభాల గుడి,2,9,u2-c09-kakatiyas,Kakatiyas,u2-c09-art-architecture,Art and architecture,high,direct,,Thousand Pillar Temple.,
218,10,Kakatiyas (Warangal),7028,13,Warangal Fort & Kala Thoranam,వరంగల్ కోట + కాళ తోరణం,2,9,u2-c09-kakatiyas,Kakatiyas,u2-c09-art-architecture,Art and architecture,high,direct,,Warangal Fort and Kakatiya Thoranam.,
218,10,Kakatiyas (Warangal),7029,14,"Ramappa / Rudreshwara Temple, Palampet — UNESCO World Heritage 2021",రామప్ప ఆలయం — UNESCO ప్రపంచ వారసత్వం,2,9,u2-c09-kakatiyas,Kakatiyas,u2-c09-art-architecture,Art and architecture,high,direct,,Ramappa temple.,
218,10,Kakatiyas (Warangal),7030,15,Literature & Arts — The Second Wave of Telugu Efflorescence,సాహిత్యం + కళలు,2,9,u2-c09-kakatiyas,Kakatiyas,u2-c09-telugu-literature,Telugu literature,medium,direct,yes,Literature and arts together. Ambiguous.,u2-c09-dance-music; u2-c09-art-architecture
218,10,Kakatiyas (Warangal),7031,16,Nayankara System & Administration,నాయంకర వ్యవస్థ + పరిపాలన,2,9,u2-c09-kakatiyas,Kakatiyas,u2-c09-administration-nayankara,Administration and the Nayankara system,high,direct,,Nayankara system and administration.,
218,10,Kakatiyas (Warangal),7032,17,Economy & Motupalli Abhayasasana,ఆర్థిక వ్యవస్థ + మోటుపల్లి అభయశాసనం,2,9,u2-c09-kakatiyas,Kakatiyas,u2-c09-crafts-trade-motupalli,"Crafts, trade and Motupalli",high,direct,,Economy and Motupalli Abhayasasana.,u2-c09-irrigation-agriculture
218,10,Kakatiyas (Warangal),7033,18,Religion & Social History,మతం + సామాజిక చరిత్ర,2,9,u2-c09-kakatiyas,Kakatiyas,u2-c09-religion,Religion,medium,direct,yes,Religion and social history together. Ambiguous.,u2-c09-society
218,10,Kakatiyas (Warangal),7034,19,Kakatiya Sites in Andhra Pradesh,AP లో కాకతీయ స్థలాలు,2,9,u2-c09-kakatiyas,Kakatiyas,,(chapter level),high,direct,,Kakatiya sites in AP.,
218,10,Kakatiyas (Warangal),7035,20,"Decline — The Five Sieges, 1303-1323",వంశ పతనం — ఖిల్జీ + తుగ్లక్ దాడులు,2,9,u2-c09-kakatiyas,Kakatiyas,u2-c09-delhi-sultanate-invasions,Delhi Sultanate invasions,high,direct,,"The five sieges, 1303-1323.",u2-c09-decline
218,10,Kakatiyas (Warangal),7036,21,Legacy & Chapter Summary,వారసత్వం + సారాంశం,2,9,u2-c09-kakatiyas,Kakatiyas,,(chapter level),high,direct,,"Study-aid section (introduction, glossary, revision, practice or summary) that covers the whole source chapter; mapped at chapter level.",
219,11,Reddy Kingdoms & Musunuri Nayakas,7037,1,Introduction,పరిచయం,2,10,u2-c10-musunuri-reddy-velama,"Musunuri Nayakas, Reddy Kingdoms and Velama Chiefs",,(chapter level),high,direct,,"Study-aid section (introduction, glossary, revision, practice or summary) that covers the whole source chapter; mapped at chapter level.",
219,11,Reddy Kingdoms & Musunuri Nayakas,7038,2,Glossary,పదకోశం,2,10,u2-c10-musunuri-reddy-velama,"Musunuri Nayakas, Reddy Kingdoms and Velama Chiefs",,(chapter level),high,direct,,"Study-aid section (introduction, glossary, revision, practice or summary) that covers the whole source chapter; mapped at chapter level.",
219,11,Reddy Kingdoms & Musunuri Nayakas,7039,3,"Post-Kakatiya Vacuum, 1323–1336",కాకతీయ-తర్వాత శూన్యత,2,10,u2-c10-musunuri-reddy-velama,"Musunuri Nayakas, Reddy Kingdoms and Velama Chiefs",u2-c10-post-kakatiya-conditions,Post-Kakatiya political conditions,high,direct,,"Post-Kakatiya vacuum, 1323-1336.",
219,11,Reddy Kingdoms & Musunuri Nayakas,7040,4,Overview — Three Successor Dynasties,మూడు వంశాల పరిచయం,2,10,u2-c10-musunuri-reddy-velama,"Musunuri Nayakas, Reddy Kingdoms and Velama Chiefs",,(chapter level),high,direct,,Comparison of the three successor dynasties.,
219,11,Reddy Kingdoms & Musunuri Nayakas,7041,5,Historical Sources,చారిత్రక ఆధారాలు,2,10,u2-c10-musunuri-reddy-velama,"Musunuri Nayakas, Reddy Kingdoms and Velama Chiefs",,(chapter level),medium,direct,yes,Historical sources.,
219,11,Reddy Kingdoms & Musunuri Nayakas,7042,6,Musunuri Nayakas — Dynasty Overview,మూసూరి నాయకులు — వంశ పరిచయం,2,10,u2-c10-musunuri-reddy-velama,"Musunuri Nayakas, Reddy Kingdoms and Velama Chiefs",u2-c10-musunuri-nayakas,"Musunuri Prolaya Nayaka, Kapaya Nayaka and the liberation of Warangal",high,direct,,Musunuri Nayakas overview.,
219,11,Reddy Kingdoms & Musunuri Nayakas,7043,7,Prolaya + Kapaya Nayaka — Deep Dive,ప్రోలయ + కాపయ నాయక — విస్తృత వివరణ,2,10,u2-c10-musunuri-reddy-velama,"Musunuri Nayakas, Reddy Kingdoms and Velama Chiefs",u2-c10-musunuri-nayakas,"Musunuri Prolaya Nayaka, Kapaya Nayaka and the liberation of Warangal",high,direct,,Prolaya and Kapaya Nayaka.,
219,11,Reddy Kingdoms & Musunuri Nayakas,7044,8,Kondaveedu Reddi — Dynasty Overview,కొండవీడు రెడ్డి — రాజవంశం,2,10,u2-c10-musunuri-reddy-velama,"Musunuri Nayakas, Reddy Kingdoms and Velama Chiefs",u2-c10-kondavidu-reddys,Kondavidu Reddys,high,direct,,Kondaveedu Reddi overview.,
219,11,Reddy Kingdoms & Musunuri Nayakas,7045,9,"Prolaya Vema Reddi — Founder, c. 1325–1353 CE",ప్రోలయ వేమారెడ్డి — స్థాపకుడు,2,10,u2-c10-musunuri-reddy-velama,"Musunuri Nayakas, Reddy Kingdoms and Velama Chiefs",u2-c10-kondavidu-reddys,Kondavidu Reddys,high,direct,,Prolaya Vema Reddi.,
219,11,Reddy Kingdoms & Musunuri Nayakas,7046,10,Anavema + Komati Vema + Pedakomati Vema — The Middle Kings,అనవేమ + కోమటి వేమ + పెదకోమటి వేమ,2,10,u2-c10-musunuri-reddy-velama,"Musunuri Nayakas, Reddy Kingdoms and Velama Chiefs",u2-c10-kondavidu-reddys,Kondavidu Reddys,high,direct,,"Anavema, Komati Vema and Pedakomati Vema.",
219,11,Reddy Kingdoms & Musunuri Nayakas,7047,11,"Rajamahendravaram Reddi Branch, c. 1395–1448 CE",రాజమహేంద్రవరం రెడ్డి శాఖ,2,10,u2-c10-musunuri-reddy-velama,"Musunuri Nayakas, Reddy Kingdoms and Velama Chiefs",u2-c10-rajahmundry-reddys,Rajahmundry Reddys,high,direct,,Rajamahendravaram Reddi branch.,
219,11,Reddy Kingdoms & Musunuri Nayakas,7048,12,Kataya Vema + Vira Bhadra Reddi — Last Kings of Rajamahendravaram,కటయవేమ + వీరభద్రా రెడ్డి — రాజమహేంద్రవరం చివరి రాజులు,2,10,u2-c10-musunuri-reddy-velama,"Musunuri Nayakas, Reddy Kingdoms and Velama Chiefs",u2-c10-rajahmundry-reddys,Rajahmundry Reddys,medium,direct,yes,Placed under Rajamahendravaram as the section title states; the Kondavidu-vs-Rajahmundry attribution of Kataya Vema should be checked in review.,
219,11,Reddy Kingdoms & Musunuri Nayakas,7049,13,"Recharla Velama — Rachakonda + Devarakonda Twin Capitals, c. 1325–1475 CE",రేచర్ల వెలమ — రాచకొండ + దేవరకొండ,2,10,u2-c10-musunuri-reddy-velama,"Musunuri Nayakas, Reddy Kingdoms and Velama Chiefs",u2-c10-recharla-velamas,Recharla Velamas (Rachakonda and Devarakonda),high,direct,,Recharla Velamas of Rachakonda and Devarakonda.,
219,11,Reddy Kingdoms & Musunuri Nayakas,7050,14,Srinatha — Poet-Emperor of Telugu Literature,శ్రీనాథుడు — కవి సార్వభౌముడు,2,10,u2-c10-musunuri-reddy-velama,"Musunuri Nayakas, Reddy Kingdoms and Velama Chiefs",u2-c10-telugu-literature,Telugu literature,high,direct,,Srinatha.,u2-c14-authors-works
219,11,Reddy Kingdoms & Musunuri Nayakas,7051,15,Other Literary Figures of the Post-Kakatiya Era,ఇతర సాహిత్యకారులు,2,10,u2-c10-musunuri-reddy-velama,"Musunuri Nayakas, Reddy Kingdoms and Velama Chiefs",u2-c10-telugu-literature,Telugu literature,high,direct,,Other literary figures.,u2-c14-authors-works
219,11,Reddy Kingdoms & Musunuri Nayakas,7052,16,Forts and Monuments of the Reddi-Velama Era,"స్మారకాలు — కొండవీడు, రాచకొండ కోటలు",2,10,u2-c10-musunuri-reddy-velama,"Musunuri Nayakas, Reddy Kingdoms and Velama Chiefs",u2-c10-art-architecture,Art and architecture,high,direct,,Forts and monuments.,u2-c14-forts
219,11,Reddy Kingdoms & Musunuri Nayakas,7053,17,Administration and Economy,పరిపాలన + ఆర్థిక వ్యవస్థ,2,10,u2-c10-musunuri-reddy-velama,"Musunuri Nayakas, Reddy Kingdoms and Velama Chiefs",u2-c10-administration,Administration,medium,direct,yes,Administration and economy together. Ambiguous.,u2-c10-society-economy
219,11,Reddy Kingdoms & Musunuri Nayakas,7054,18,Religion and Social History,మతం + సామాజిక చరిత్ర,2,10,u2-c10-musunuri-reddy-velama,"Musunuri Nayakas, Reddy Kingdoms and Velama Chiefs",u2-c10-religion,Religion,medium,direct,yes,Religion and social history together. Ambiguous.,u2-c10-society-economy
219,11,Reddy Kingdoms & Musunuri Nayakas,7055,19,Post-Kakatiya Sites in Andhra Pradesh,AP లో రెడ్డి+వెలమ+మునుసూరి స్థలాలు,2,10,u2-c10-musunuri-reddy-velama,"Musunuri Nayakas, Reddy Kingdoms and Velama Chiefs",,(chapter level),high,direct,,Sites in AP.,
219,11,Reddy Kingdoms & Musunuri Nayakas,7056,20,Decline — Vijayanagara & Gajapati Conquests,వంశ పతనం — విజయనగర + గజపతి దాడులు,2,10,u2-c10-musunuri-reddy-velama,"Musunuri Nayakas, Reddy Kingdoms and Velama Chiefs",u2-c10-regional-conflicts,Regional conflicts,medium,direct,yes,Decline through Vijayanagara and Gajapati conquests.,u2-c12-gajapati-rule-influence
219,11,Reddy Kingdoms & Musunuri Nayakas,7057,21,Legacy & Chapter Summary,వారసత్వం + సారాంశం,2,10,u2-c10-musunuri-reddy-velama,"Musunuri Nayakas, Reddy Kingdoms and Velama Chiefs",,(chapter level),high,direct,,"Study-aid section (introduction, glossary, revision, practice or summary) that covers the whole source chapter; mapped at chapter level.",
220,12,Vijayanagara Empire,7058,1,Introduction,పరిచయం,2,11,u2-c11-vijayanagara-andhra,Vijayanagara and Andhra,,(chapter level),high,direct,,"Study-aid section (introduction, glossary, revision, practice or summary) that covers the whole source chapter; mapped at chapter level.",
220,12,Vijayanagara Empire,7059,2,Glossary,పదకోశం,2,11,u2-c11-vijayanagara-andhra,Vijayanagara and Andhra,,(chapter level),high,direct,,"Study-aid section (introduction, glossary, revision, practice or summary) that covers the whole source chapter; mapped at chapter level.",
220,12,Vijayanagara Empire,7060,3,Foundation + the Vidyaranya Debate,వంశ స్థాపన + విద్యారణ్య చర్చ,2,11,u2-c11-vijayanagara-andhra,Vijayanagara and Andhra,u2-c11-foundation,Foundation,high,direct,,Foundation and the Vidyaranya debate.,
220,12,Vijayanagara Empire,7061,4,Four Dynasties — Overview,నాలుగు రాజవంశాలు — అవలోకనం,2,11,u2-c11-vijayanagara-andhra,Vijayanagara and Andhra,u2-c11-four-dynasties,Four dynasties,high,direct,,Four dynasties overview.,
220,12,Vijayanagara Empire,7062,5,Historical Sources,చారిత్రక ఆధారాలు,2,11,u2-c11-vijayanagara-andhra,Vijayanagara and Andhra,,(chapter level),medium,direct,yes,Historical sources.,
220,12,Vijayanagara Empire,7063,6,"The Sangama Dynasty, 1336–1485",సంగమ వంశం,2,11,u2-c11-vijayanagara-andhra,Vijayanagara and Andhra,u2-c11-four-dynasties,Four dynasties,medium,direct,yes,The Sangama dynasty.,u2-c11-important-rulers
220,12,Vijayanagara Empire,7064,7,Devaraya I and Devaraya II,దేవరాయ I + దేవరాయ II,2,11,u2-c11-vijayanagara-andhra,Vijayanagara and Andhra,u2-c11-important-rulers,Important rulers,high,direct,,Devaraya I and II.,
220,12,Vijayanagara Empire,7065,8,"Saluva + Tuluva Dynastic Transitions, 1485–1509 CE",సాళువ + తుళువ వంశ పరివర్తనం,2,11,u2-c11-vijayanagara-andhra,Vijayanagara and Andhra,u2-c11-four-dynasties,Four dynasties,high,direct,,Saluva and Tuluva transitions.,u2-c11-important-rulers
220,12,Vijayanagara Empire,7066,9,"Krishnadevaraya — The Emperor, 1509–1529 CE",కృష్ణదేవరాయ — చక్రవర్తి,2,11,u2-c11-vijayanagara-andhra,Vijayanagara and Andhra,u2-c11-krishnadevaraya,Sri Krishnadevaraya,high,direct,,Krishnadevaraya as emperor.,
220,12,Vijayanagara Empire,7067,10,Krishnadevaraya — Military Campaigns and Conquests,కృష్ణదేవరాయ — యుద్ధాలు + విజయాలు,2,11,u2-c11-vijayanagara-andhra,Vijayanagara and Andhra,u2-c11-andhra-campaigns-gajapati-bahmani,Andhra campaigns; Gajapati and Bahmani conflicts,high,direct,,Krishnadevaraya's campaigns.,u2-c11-krishnadevaraya; u2-c12-gajapati-rule-influence
220,12,Vijayanagara Empire,7068,11,Amuktamalyada + The Eight Literary Luminaries,ఆముక్తమాల్యద + అష్టదిగ్గజాలు,2,11,u2-c11-vijayanagara-andhra,Vijayanagara and Andhra,u2-c11-telugu-literature-ashtadiggajas,Telugu literature and the Ashtadiggajas,high,direct,,Amuktamalyada and the Ashtadiggajas.,u2-c14-authors-works
220,12,Vijayanagara Empire,7069,12,"Achyutadevaraya + Sadashiva + Aliya Ramaraya, 1529–1565 CE",అచ్యుతదేవ రాయ + సదాశివ + రామరాయ,2,11,u2-c11-vijayanagara-andhra,Vijayanagara and Andhra,u2-c11-important-rulers,Important rulers,high,direct,,"Achyutadevaraya, Sadashiva and Aliya Ramaraya.",u2-c11-four-dynasties
220,12,Vijayanagara Empire,7070,13,"Battle of Talikota / Rakkasa-Tangadi, January 1565 CE",తాళికోట / రక్కస-తంగడి యుద్ధం 1565,2,11,u2-c11-vijayanagara-andhra,Vijayanagara and Andhra,u2-c11-battle-of-talikota,Battle of Talikota,high,direct,,"Battle of Talikota, 1565.",
220,12,Vijayanagara Empire,7071,14,"Aravidu Dynasty + AP-located Capitals, 1565–1646",ఆరవీడు వంశం + ఆంధ్రప్రదేశ్ రాజధానులు,2,11,u2-c11-vijayanagara-andhra,Vijayanagara and Andhra,u2-c11-decline,Decline,medium,direct,yes,Aravidu dynasty and AP-located capitals after 1565.,u2-c11-four-dynasties
220,12,Vijayanagara Empire,7072,15,Hampi Monuments — UNESCO World Heritage Site,హంపి స్మారకాలు,2,11,u2-c11-vijayanagara-andhra,Vijayanagara and Andhra,u2-c11-art-architecture,Art and architecture,high,direct,,Hampi monuments.,
220,12,Vijayanagara Empire,7073,16,Administration + Economy,పరిపాలన + ఆర్థిక వ్యవస్థ,2,11,u2-c11-vijayanagara-andhra,Vijayanagara and Andhra,u2-c11-administration-nayankara,Administration and the Nayankara system,medium,direct,yes,Administration and economy together. Ambiguous.,u2-c11-economy-trade
220,12,Vijayanagara Empire,7074,17,"Religion + Wagoner's ""Hindu Sultanate"" Thesis","మతం + వాగనర్ ""హిందూ-సుల్తాన్"" సిద్ధాంతం",2,11,u2-c11-vijayanagara-andhra,Vijayanagara and Andhra,u2-c11-religion,Religion,high,direct,,Religion and the Wagoner 'Hindu Sultanate' thesis.,
220,12,Vijayanagara Empire,7075,18,Literature + Arts,సాహిత్యం + కళలు,2,11,u2-c11-vijayanagara-andhra,Vijayanagara and Andhra,u2-c11-telugu-literature-ashtadiggajas,Telugu literature and the Ashtadiggajas,medium,direct,yes,Literature and arts together. Ambiguous.,u2-c11-art-architecture
220,12,Vijayanagara Empire,7076,19,Vijayanagara Sites in Andhra Pradesh,AP లో విజయనగర స్థలాలు,2,11,u2-c11-vijayanagara-andhra,Vijayanagara and Andhra,,(chapter level),high,direct,,Vijayanagara sites in AP.,
220,12,Vijayanagara Empire,7077,20,Decline + Successor States,వంశ పతనం + వారసులు,2,11,u2-c11-vijayanagara-andhra,Vijayanagara and Andhra,u2-c11-decline,Decline,high,direct,,Decline and successor states.,
220,12,Vijayanagara Empire,7078,21,Legacy & Chapter Summary,వారసత్వం + సారాంశం,2,11,u2-c11-vijayanagara-andhra,Vijayanagara and Andhra,,(chapter level),high,direct,,"Study-aid section (introduction, glossary, revision, practice or summary) that covers the whole source chapter; mapped at chapter level.",
